Year,Month,Day,Species,Length,Weight,Sex,Fecundity,Location,SampleID,Source,Comment
NA,NA,NA,RB,476,NA,female,NA,river,NA,NA,1949 - 59
NA,NA,NA,RB,463,NA,female,NA,river,NA,NA,1949 - 59
NA,NA,NA,RB,559,NA,female,NA,river,NA,NA,1949 - 59
NA,NA,NA,RB,572,NA,female,NA,river,NA,NA,1949 - 59
NA,NA,NA,RB,583,NA,female,NA,river,NA,NA,1949 - 59
NA,NA,NA,RB,584,NA,female,NA,river,NA,NA,1949 - 59
NA,NA,NA,RB,603,NA,female,NA,river,NA,NA,1949 - 59
NA,NA,NA,RB,622,NA,female,NA,river,NA,NA,1949 - 59
NA,NA,NA,RB,639,NA,female,NA,river,NA,NA,1949 - 59
NA,NA,NA,RB,641,NA,female,NA,river,NA,NA,1949 - 59
NA,NA,NA,RB,653,NA,female,NA,river,NA,NA,1949 - 59
NA,NA,NA,RB,660,NA,female,NA,river,NA,NA,1949 - 59
NA,NA,NA,RB,660,NA,female,NA,river,NA,NA,1949 - 59
NA,NA,NA,RB,663,NA,female,NA,river,NA,NA,1949 - 59
NA,NA,NA,RB,673,NA,female,NA,river,NA,NA,1949 - 59
NA,NA,NA,RB,673,NA,female,NA,river,NA,NA,1949 - 59
NA,NA,NA,RB,673,NA,female,NA,river,NA,NA,1949 - 59
NA,NA,NA,RB,676,NA,female,NA,river,NA,NA,1949 - 59
NA,NA,NA,RB,682,NA,female,NA,river,NA,NA,1949 - 59
NA,NA,NA,RB,685,NA,female,NA,river,NA,NA,1949 - 59
NA,NA,NA,RB,707,NA,female,NA,river,NA,NA,1949 - 59
NA,NA,NA,RB,711,NA,female,NA,river,NA,NA,1949 - 59
NA,NA,NA,RB,711,NA,female,NA,river,NA,NA,1949 - 59
NA,NA,NA,RB,775,NA,female,NA,river,NA,NA,1949 - 59
NA,NA,NA,RB,640,NA,female,NA,river,NA,NA,1949 - 59
NA,NA,NA,RB,710,NA,female,NA,river,NA,NA,1949 - 59
NA,NA,NA,RB,711,NA,female,NA,river,NA,NA,1949 - 59
NA,NA,NA,RB,737,NA,female,NA,river,NA,NA,1949 - 59
NA,NA,NA,RB,737,NA,female,NA,river,NA,NA,1949 - 59
NA,NA,NA,RB,737,NA,female,NA,river,NA,NA,1949 - 59
NA,NA,NA,RB,741,NA,female,NA,river,NA,NA,1949 - 59
NA,NA,NA,RB,750,NA,female,NA,river,NA,NA,1949 - 59
NA,NA,NA,RB,762,NA,female,NA,river,NA,NA,1949 - 59
NA,NA,NA,RB,829,NA,female,NA,river,NA,NA,1949 - 59
NA,NA,NA,RB,838,NA,female,NA,river,NA,NA,1949 - 59
NA,NA,NA,RB,724,NA,female,NA,river,NA,NA,1949 - 59
NA,NA,NA,RB,530,NA,male,NA,river,NA,NA,1949 - 59
NA,NA,NA,RB,530,NA,male,NA,river,NA,NA,1949 - 59
NA,NA,NA,RB,556,NA,male,NA,river,NA,NA,1949 - 59
NA,NA,NA,RB,574,NA,male,NA,river,NA,NA,1949 - 59
NA,NA,NA,RB,576,NA,male,NA,river,NA,NA,1949 - 59
NA,NA,NA,RB,582,NA,male,NA,river,NA,NA,1949 - 59
NA,NA,NA,RB,619,NA,male,NA,river,NA,NA,1949 - 59
NA,NA,NA,RB,633,NA,male,NA,river,NA,NA,1949 - 59
NA,NA,NA,RB,648,NA,male,NA,river,NA,NA,1949 - 59
NA,NA,NA,RB,655,NA,male,NA,river,NA,NA,1949 - 59
NA,NA,NA,RB,664,NA,male,NA,river,NA,NA,1949 - 59
NA,NA,NA,RB,711,NA,male,NA,river,NA,NA,1949 - 59
NA,NA,NA,RB,750,NA,male,NA,river,NA,NA,1949 - 59
NA,NA,NA,RB,754,NA,male,NA,river,NA,NA,1949 - 59
NA,NA,NA,RB,717,NA,male,NA,river,NA,NA,1949 - 59
NA,NA,NA,RB,794,NA,male,NA,river,NA,NA,1949 - 59
NA,NA,NA,RB,853,NA,male,NA,river,NA,NA,1949 - 59
NA,NA,NA,RB,780,NA,male,NA,river,NA,NA,1949 - 59
1979,NA,NA,RB,774,NA,female,NA,river,NA,NA,NA
1979,NA,NA,RB,812,NA,female,NA,river,NA,NA,NA
1979,NA,NA,RB,800,NA,female,NA,river,NA,NA,NA
1979,NA,NA,RB,800,NA,female,NA,river,NA,NA,NA
1979,NA,NA,RB,977,NA,male,NA,river,NA,NA,NA
1979,NA,NA,RB,812,NA,male,NA,river,NA,NA,NA
1979,NA,NA,RB,901,NA,male,NA,river,NA,NA,NA
1979,NA,NA,RB,876,NA,male,NA,river,NA,NA,NA
1979,NA,NA,RB,800,NA,male,NA,river,NA,NA,NA
1979,NA,NA,RB,889,NA,male,NA,river,NA,NA,NA
1979,NA,NA,RB,711,NA,male,NA,river,NA,NA,NA
1980,NA,NA,RB,760,NA,female,NA,river,NA,NA,NA
1980,NA,NA,RB,810,NA,female,NA,river,NA,NA,NA
1980,NA,NA,RB,830,NA,female,NA,river,NA,NA,NA
1980,NA,NA,RB,750,NA,female,NA,river,NA,NA,NA
1980,NA,NA,RB,895,NA,female,NA,river,NA,NA,NA
1980,NA,NA,RB,830,NA,male,NA,river,NA,NA,NA
1980,NA,NA,RB,920,NA,male,NA,river,NA,NA,NA
1980,NA,NA,RB,820,NA,male,NA,river,NA,NA,NA
1981,NA,NA,RB,760,4.994,female,NA,river,NA,NA,NA
1981,NA,NA,RB,850,6.81,female,NA,river,NA,NA,NA
1981,NA,NA,RB,785,5.448,female,NA,river,NA,NA,NA
1981,NA,NA,RB,730,4.54,female,NA,river,NA,NA,NA
1981,NA,NA,RB,800,5.448,female,NA,river,NA,NA,NA
1981,NA,NA,RB,780,4.54,female,NA,river,NA,NA,NA
1981,NA,NA,RB,780,4.994,female,NA,river,NA,NA,NA
1981,NA,NA,RB,680,3.632,male,NA,river,NA,NA,NA
1981,NA,NA,RB,885,8.626,male,NA,river,NA,NA,NA
1981,NA,NA,RB,885,9.08,male,NA,river,NA,NA,NA
1982,NA,NA,RB,880,6.129,female,NA,river,NA,NA,NA
1982,NA,NA,RB,850,9.08,female,NA,river,NA,NA,NA
1982,NA,NA,RB,750,6.129,female,NA,river,NA,NA,NA
1982,NA,NA,RB,830,7.718,female,NA,river,NA,NA,NA
1982,NA,NA,RB,820,6.81,female,NA,river,NA,NA,NA
1982,NA,NA,RB,680,3.632,female,NA,river,NA,NA,NA
1982,NA,NA,RB,840,7.264,female,NA,river,NA,NA,NA
1982,NA,NA,RB,870,7.264,female,NA,river,NA,NA,NA
1982,NA,NA,RB,840,5.902,female,NA,river,NA,NA,NA
1982,NA,NA,RB,640,2.724,female,NA,river,NA,NA,NA
1982,NA,NA,RB,880,6.583,female,NA,river,NA,NA,NA
1982,NA,NA,RB,880,8.626,female,NA,river,NA,NA,NA
1982,NA,NA,RB,860,7.264,female,NA,river,NA,NA,NA
1982,NA,NA,RB,755,6.81,female,NA,river,NA,NA,NA
1982,NA,NA,RB,875,9.08,male,NA,river,NA,NA,NA
1982,NA,NA,RB,850,6.356,male,NA,river,NA,NA,NA
1982,NA,NA,RB,850,7.718,male,NA,river,NA,NA,NA
1982,NA,NA,RB,830,7.718,male,NA,river,NA,NA,NA
1982,NA,NA,RB,900,9.988,male,NA,river,NA,NA,NA
1982,NA,NA,RB,890,9.08,male,NA,river,NA,NA,NA
1982,NA,NA,RB,910,9.08,male,NA,river,NA,NA,NA
1991,NA,NA,RB,895,8.9,male,NA,river,NA,NA,NA
1991,NA,NA,RB,820,6.8,male,NA,river,NA,NA,NA
1991,NA,NA,RB,860,7.9,male,NA,river,NA,NA,NA
1991,NA,NA,RB,830,6.8,male,NA,river,NA,NA,NA
1991,NA,NA,RB,860,9.1,male,NA,river,NA,NA,NA
1991,NA,NA,RB,860,7.5,male,NA,river,NA,NA,NA
1991,NA,NA,RB,910,10,male,NA,river,NA,NA,NA
1991,NA,NA,RB,840,7.7,male,NA,river,NA,NA,NA
1991,NA,NA,RB,870,8.2,male,NA,river,NA,NA,NA
1991,NA,NA,RB,660,2.7,female,NA,river,NA,NA,NA
1991,NA,NA,RB,785,6.4,female,NA,river,NA,NA,NA
1991,NA,NA,RB,825,7.9,female,NA,river,NA,NA,NA
1991,NA,NA,RB,810,7.7,female,NA,river,NA,NA,NA
1991,NA,NA,RB,800,6.6,female,NA,river,NA,NA,NA
1991,NA,NA,RB,810,6.1,female,NA,river,NA,NA,NA
1992,NA,NA,RB,880,9.1,male,NA,river,NA,NA,NA
1992,NA,NA,RB,900,10.7,male,NA,river,NA,NA,NA
1992,NA,NA,RB,875,8.6,male,NA,river,NA,NA,NA
1992,NA,NA,RB,540,2.5,male,NA,river,NA,NA,NA
1992,NA,NA,RB,885,10,male,NA,river,NA,NA,NA
1992,NA,NA,RB,805,6.8,male,NA,river,NA,NA,NA
1992,NA,NA,RB,940,11.8,male,NA,river,NA,NA,NA
1992,NA,NA,RB,890,9.3,male,NA,river,NA,NA,NA
1992,NA,NA,RB,860,8.2,male,NA,river,NA,NA,NA
1992,NA,NA,RB,960,11.8,male,NA,river,NA,NA,NA
1992,NA,NA,RB,770,5.4,male,NA,river,NA,NA,NA
1992,NA,NA,RB,900,10.4,male,NA,river,NA,NA,NA
1992,NA,NA,RB,720,5.9,female,NA,river,NA,NA,NA
1992,NA,NA,RB,810,7.3,female,NA,river,NA,NA,NA
1992,NA,NA,RB,870,10,female,NA,river,NA,NA,NA
1992,NA,NA,RB,840,9,female,NA,river,NA,NA,NA
1992,NA,NA,RB,800,8,female,NA,river,NA,NA,NA
1992,NA,NA,RB,805,8,female,NA,river,NA,NA,NA
1992,NA,NA,RB,780,6.8,female,NA,river,NA,NA,NA
1992,NA,NA,RB,645,4.1,female,NA,river,NA,NA,NA
1992,NA,NA,RB,660,4.3,female,NA,river,NA,NA,NA
1992,NA,NA,RB,660,3.9,female,NA,river,NA,NA,NA
1992,NA,NA,RB,810,8.4,female,NA,river,NA,NA,NA
1992,NA,NA,RB,710,5,female,NA,river,NA,NA,NA
1992,NA,NA,RB,760,6.1,female,NA,river,NA,NA,NA
1992,NA,NA,RB,720,5.7,female,NA,river,NA,NA,NA
1992,NA,NA,RB,730,5.7,female,NA,river,NA,NA,NA
1992,NA,NA,RB,690,4.8,female,NA,river,NA,NA,NA
1992,NA,NA,RB,730,5.4,female,NA,river,NA,NA,NA
1992,NA,NA,RB,850,7.9,female,NA,river,NA,NA,NA
1992,NA,NA,RB,760,5.9,female,NA,river,NA,NA,NA
1992,NA,NA,RB,690,5.2,female,NA,river,NA,NA,NA
1992,NA,NA,RB,840,7.7,female,NA,river,NA,NA,NA
1992,NA,NA,RB,770,7,female,NA,river,NA,NA,NA
1992,NA,NA,RB,570,3.2,female,NA,river,NA,NA,NA
1992,NA,NA,RB,710,5.4,female,NA,river,NA,NA,NA
1992,NA,NA,RB,865,8.4,female,NA,river,NA,NA,NA
1992,NA,NA,RB,723,6.1,female,NA,river,NA,NA,NA
1992,NA,NA,RB,760,7.3,female,NA,river,NA,NA,NA
1994,NA,NA,RB,800,6.356,male,NA,river,NA,NA,NA
1994,NA,NA,RB,720,NA,male,NA,river,NA,NA,NA
1994,NA,NA,RB,690,NA,male,NA,river,NA,NA,NA
1994,NA,NA,RB,750,NA,male,NA,river,NA,NA,NA
1994,NA,NA,RB,810,8.5352,male,NA,river,NA,NA,NA
1994,NA,NA,RB,930,10.669,male,NA,river,NA,NA,NA
1994,NA,NA,RB,810,8.5352,male,NA,river,NA,NA,NA
1994,NA,NA,RB,850,9.6702,male,NA,river,NA,NA,NA
1994,NA,NA,RB,780,5.448,male,NA,river,NA,NA,NA
1994,NA,NA,RB,800,6.356,male,NA,river,NA,NA,NA
1994,NA,NA,RB,930,10.669,male,NA,river,NA,NA,NA
1994,NA,NA,RB,720,NA,male,NA,river,NA,NA,NA
1994,NA,NA,RB,730,NA,male,NA,river,NA,NA,NA
1994,NA,NA,RB,650,NA,male,NA,river,NA,NA,NA
1994,NA,NA,RB,730,6.129,female,NA,river,NA,NA,NA
1994,NA,NA,RB,730,6.129,female,NA,river,NA,NA,NA
1994,NA,NA,RB,760,6.0836,female,NA,river,NA,NA,NA
1994,NA,NA,RB,730,6.129,female,NA,river,NA,NA,NA
1994,NA,NA,RB,810,7.8088,female,NA,river,NA,NA,NA
1994,NA,NA,RB,800,8.3082,female,NA,river,NA,NA,NA
1994,NA,NA,RB,790,7.5818,female,NA,river,NA,NA,NA
1994,NA,NA,RB,760,6.7646,female,NA,river,NA,NA,NA
1994,NA,NA,RB,620,NA,female,NA,river,NA,NA,NA
1994,NA,NA,RB,690,4.4946,female,NA,river,NA,NA,NA
1994,NA,NA,RB,710,5.1302,female,NA,river,NA,NA,NA
1994,NA,NA,RB,690,4.4946,female,NA,river,NA,NA,NA
1994,NA,NA,RB,720,6.2652,female,NA,river,NA,NA,NA
1994,NA,NA,RB,620,NA,female,NA,river,NA,NA,NA
1994,NA,NA,RB,740,6.4014,female,NA,river,NA,NA,NA
1994,NA,NA,RB,630,3.632,female,NA,river,NA,NA,NA
1994,NA,NA,RB,670,NA,female,NA,river,NA,NA,NA
1994,NA,NA,RB,710,5.1302,female,NA,river,NA,NA,NA
1998,NA,NA,RB,870,8.626,male,NA,river,NA,NA,NA
1998,NA,NA,RB,860,8.172,male,NA,river,NA,NA,NA
1998,NA,NA,RB,890,8.626,male,NA,river,NA,NA,NA
1998,NA,NA,RB,880,8.172,male,NA,river,NA,NA,NA
1998,NA,NA,RB,890,8.626,male,NA,river,NA,NA,NA
1998,NA,NA,RB,900,9.307,male,NA,river,NA,NA,NA
1998,NA,NA,RB,740,4.994,male,NA,river,NA,NA,NA
1998,NA,NA,RB,790,6.129,male,NA,river,NA,NA,NA
1998,NA,NA,RB,815,5.902,male,NA,river,NA,NA,NA
1998,NA,NA,RB,760,5.448,male,NA,river,NA,NA,NA
1998,NA,NA,RB,830,7.491,male,NA,river,NA,NA,NA
1998,NA,NA,RB,945,9.761,male,NA,river,NA,NA,NA
1998,NA,NA,RB,910,9.307,male,NA,river,NA,NA,NA
1998,NA,NA,RB,860,9.307,male,NA,river,NA,NA,NA
1998,NA,NA,RB,880,8.399,male,NA,river,NA,NA,NA
1998,NA,NA,RB,910,11.35,male,NA,river,NA,NA,NA
1998,NA,NA,RB,850,7.945,male,NA,river,NA,NA,NA
1998,NA,NA,RB,810,7.264,male,NA,river,NA,NA,NA
1998,NA,NA,RB,845,9.08,male,NA,river,NA,NA,NA
1998,NA,NA,RB,860,7.945,male,NA,river,NA,NA,NA
1998,NA,NA,RB,750,6.356,female,NA,river,NA,NA,NA
1998,NA,NA,RB,740,5.902,female,NA,river,NA,NA,NA
1998,NA,NA,RB,765,6.356,female,NA,river,NA,NA,NA
1998,NA,NA,RB,680,4.54,female,NA,river,NA,NA,NA
1998,NA,NA,RB,830,8.172,female,NA,river,NA,NA,NA
1998,NA,NA,RB,740,5.902,female,NA,river,NA,NA,NA
1998,NA,NA,RB,850,9.534,female,NA,river,NA,NA,NA
1998,NA,NA,RB,795,7.264,female,NA,river,NA,NA,NA
1998,NA,NA,RB,785,7.037,female,NA,river,NA,NA,NA
1998,NA,NA,RB,720,5.221,female,NA,river,NA,NA,NA
1998,NA,NA,RB,760,4.994,female,NA,river,NA,NA,NA
1998,NA,NA,RB,720,4.313,female,NA,river,NA,NA,NA
1998,NA,NA,RB,810,7.037,female,NA,river,NA,NA,NA
1998,NA,NA,RB,740,4.54,female,NA,river,NA,NA,NA
1998,NA,NA,RB,820,7.945,female,NA,river,NA,NA,NA
1998,NA,NA,RB,785,6.356,female,NA,river,NA,NA,NA
1998,NA,NA,RB,700,4.767,female,NA,river,NA,NA,NA
1998,NA,NA,RB,750,6.81,female,NA,river,NA,NA,NA
1998,NA,NA,RB,820,8.172,female,NA,river,NA,NA,NA
1998,NA,NA,RB,850,9.08,female,NA,river,NA,NA,NA
1998,NA,NA,RB,780,6.583,female,NA,river,NA,NA,NA
1998,NA,NA,RB,765,6.583,female,NA,river,NA,NA,NA
2000,NA,NA,RB,850,6.8,male,NA,river,NA,NA,NA
2000,NA,NA,RB,870,8.2,male,NA,river,NA,NA,NA
2000,NA,NA,RB,920,10.9,male,NA,river,NA,NA,NA
2000,NA,NA,RB,910,10,male,NA,river,NA,NA,NA
2000,NA,NA,RB,770,5.9,male,NA,river,NA,NA,NA
2000,NA,NA,RB,850,7.3,male,NA,river,NA,NA,NA
2000,NA,NA,RB,850,8.2,male,NA,river,NA,NA,NA
2000,NA,NA,RB,945,12.7,male,NA,river,NA,NA,NA
2000,NA,NA,RB,880,8.2,male,NA,river,NA,NA,NA
2000,NA,NA,RB,740,5,male,NA,river,NA,NA,NA
2000,NA,NA,RB,850,7.3,male,NA,river,NA,NA,NA
2000,NA,NA,RB,755,6.4,female,NA,river,NA,NA,NA
2000,NA,NA,RB,810,7.3,female,NA,river,NA,NA,NA
2000,NA,NA,RB,835,8.2,female,NA,river,NA,NA,NA
2000,NA,NA,RB,780,6.8,female,NA,river,NA,NA,NA
2000,NA,NA,RB,830,6.8,female,NA,river,NA,NA,NA
2000,NA,NA,RB,750,5.4,female,NA,river,NA,NA,NA
2000,NA,NA,RB,800,7.3,female,NA,river,NA,NA,NA
2000,NA,NA,RB,765,5.9,female,NA,river,NA,NA,NA
2000,NA,NA,RB,760,5,female,NA,river,NA,NA,NA
2000,NA,NA,RB,820,6.8,female,NA,river,NA,NA,NA
2000,NA,NA,RB,690,4.5,female,NA,river,NA,NA,NA
2000,NA,NA,RB,720,5.9,female,NA,river,NA,NA,NA
2005,NA,NA,RB,530,1.590909091,male,NA,river,NA,NA,NA
2005,NA,NA,RB,490,NA,male,NA,river,NA,NA,NA
2005,NA,NA,RB,510,NA,female,NA,river,NA,NA,NA
2005,NA,NA,RB,830,9.534,female,NA,river,NA,NA,NA
2005,NA,NA,RB,760,NA,female,NA,river,NA,NA,NA
2005,NA,NA,RB,765,NA,female,NA,river,NA,NA,NA
2005,NA,NA,RB,835,NA,female,NA,river,NA,NA,NA
2005,NA,NA,RB,860,8.172,male,NA,river,NA,NA,NA
2005,NA,NA,RB,780,6.356,female,NA,river,NA,NA,NA
2005,NA,NA,RB,900,9.08,male,NA,river,NA,NA,NA
2005,NA,NA,RB,810,6.81,female,NA,river,NA,NA,NA
2005,NA,NA,RB,760,NA,female,NA,river,NA,NA,NA
2005,NA,NA,RB,845,9.08,male,NA,river,NA,NA,NA
2005,NA,NA,RB,830,6.81,female,NA,river,NA,NA,NA
2005,NA,NA,RB,660,3.178,female,NA,river,NA,NA,NA
2005,NA,NA,RB,670,3.632,female,NA,river,NA,NA,NA
2005,NA,NA,RB,840,8.626,female,NA,river,NA,NA,NA
2005,NA,NA,RB,860,8.172,female,NA,river,NA,NA,NA
2005,NA,NA,RB,785,7.037,female,NA,river,NA,NA,NA
2005,NA,NA,RB,865,8.172,male,NA,river,NA,NA,NA
2005,NA,NA,RB,800,7.264,female,NA,river,NA,NA,NA
2005,NA,NA,RB,760,5.675,female,NA,river,NA,NA,NA
2005,NA,NA,RB,850,NA,male,NA,river,NA,NA,NA
2005,NA,NA,RB,820,6.356,female,NA,river,NA,NA,NA
2005,NA,NA,RB,880,9.08,male,NA,river,NA,NA,NA
2004,NA,NA,RB,760,NA,female,NA,river,NA,NA,NA
2004,NA,NA,RB,735,5,female,NA,river,NA,NA,NA
2004,NA,NA,RB,740,5.227272727,female,NA,river,NA,NA,NA
2004,NA,NA,RB,720,5,female,NA,river,NA,NA,NA
2004,NA,NA,RB,780,5.681818182,female,NA,river,NA,NA,NA
2004,NA,NA,RB,675,3.181818182,male,NA,river,NA,NA,NA
2004,NA,NA,RB,755,5.227272727,male,NA,river,NA,NA,NA
2004,NA,NA,RB,680,3.636363636,female,NA,river,NA,NA,NA
2004,NA,NA,RB,610,2.272727273,female,NA,river,NA,NA,NA
2006,NA,NA,RB,495,1.363636364,male,NA,river,NA,NA,NA
2006,NA,NA,RB,745,5.227272727,female,NA,river,NA,NA,NA
2006,NA,NA,RB,695,4.772727273,female,NA,river,NA,NA,NA
2006,NA,NA,RB,961,9.318181818,male,NA,river,NA,NA,NA
2006,NA,NA,RB,1003,11.36363636,male,NA,river,NA,NA,NA
2006,NA,NA,RB,930,8.636363636,female,NA,river,NA,NA,NA
2006,NA,NA,RB,760,5,female,NA,river,NA,NA,NA
2006,NA,NA,RB,825,7.727272727,female,NA,river,NA,NA,NA
2006,NA,NA,RB,860,7.727272727,female,NA,river,NA,NA,NA
2006,NA,NA,RB,905,9.545454545,female,NA,river,NA,NA,NA
2006,NA,NA,RB,985,11.81818182,male,NA,river,NA,NA,NA
2006,NA,NA,RB,810,NA,female,NA,river,NA,NA,NA
2006,NA,NA,RB,810,6.318181818,female,NA,river,NA,NA,NA
2006,NA,NA,RB,860,NA,female,NA,river,NA,NA,NA
2006,NA,NA,RB,875,NA,female,NA,river,NA,NA,NA
2006,NA,NA,RB,810,6.136363636,female,NA,river,NA,NA,NA
2006,NA,NA,RB,820,6.363636364,female,NA,river,NA,NA,NA
2006,NA,NA,RB,630,2.659090909,female,NA,river,NA,NA,NA
2006,NA,NA,RB,920,9.318181818,female,NA,river,NA,NA,NA
2006,NA,NA,RB,950,11.47727273,male,NA,river,NA,NA,NA
2006,NA,NA,RB,920,9.772727273,male,NA,river,NA,NA,NA
2006,NA,NA,RB,805,5.909090909,female,NA,river,NA,NA,NA
2006,NA,NA,RB,865,9.090909091,female,NA,river,NA,NA,NA
2006,NA,NA,RB,690,3.409090909,male,NA,river,NA,NA,NA
2006,NA,NA,RB,780,5.909090909,female,NA,river,NA,NA,NA
2006,NA,NA,RB,920,9.772727273,male,NA,river,NA,NA,NA
2006,NA,NA,RB,800,NA,female,NA,river,NA,NA,NA
2006,NA,NA,RB,960,11.36363636,male,NA,river,NA,NA,NA
2006,NA,NA,RB,890,10,male,NA,river,NA,NA,NA
2006,NA,NA,RB,835,6.818181818,male,NA,river,NA,NA,NA
2006,NA,NA,RB,790,5.909090909,female,NA,river,NA,NA,NA
2006,NA,NA,RB,810,7.045454545,female,NA,river,NA,NA,NA
2006,NA,NA,RB,689,3.977272727,female,NA,river,NA,NA,NA
2006,NA,NA,RB,755,5.454545455,female,NA,river,NA,NA,NA
2006,NA,NA,RB,920,9.545454545,male,NA,river,NA,NA,NA
2006,NA,NA,RB,845,NA,female,NA,river,NA,NA,NA
2006,NA,NA,RB,775,NA,female,NA,river,NA,NA,NA
2010,NA,NA,RB,751,5.4,male,NA,river,NA,NA,NA
2010,NA,NA,RB,810,6,male,NA,river,NA,NA,NA
2010,NA,NA,RB,782,5.9,male,NA,river,NA,NA,NA
2010,NA,NA,RB,778,5.7,male,NA,river,NA,NA,NA
2010,NA,NA,RB,666,3.9,female,NA,river,NA,NA,NA
2010,NA,NA,RB,675,3.1,male,NA,river,NA,NA,NA
2010,NA,NA,RB,785,5.5,male,NA,river,NA,NA,NA
2010,NA,NA,RB,700,4,male,NA,river,NA,NA,NA
2010,NA,NA,RB,772,5.1,male,NA,river,NA,NA,NA
2010,NA,NA,RB,688,3.3,female,NA,river,NA,NA,NA
2010,NA,NA,RB,760,4.5,male,NA,river,NA,NA,NA
2010,NA,NA,RB,790,5.9,male,NA,river,NA,NA,NA
2010,NA,NA,RB,723,3.8,female,NA,river,NA,NA,NA
2010,NA,NA,RB,742,4.4,male,NA,river,NA,NA,NA
2010,NA,NA,RB,762,4.9,male,NA,river,NA,NA,NA
2010,NA,NA,RB,798,5.5,male,NA,river,NA,NA,NA
2010,NA,NA,RB,782,5.3,male,NA,river,NA,NA,NA
2010,NA,NA,RB,658,2.3,male,NA,river,NA,NA,NA
2010,NA,NA,RB,650,2.9,female,NA,river,NA,NA,NA
2010,NA,NA,RB,811,6.1,male,NA,river,NA,NA,NA
2010,NA,NA,RB,713,4.2,male,NA,river,NA,NA,NA
2010,NA,NA,RB,781,5.3,male,NA,river,NA,NA,NA
2010,NA,NA,RB,585,2.1,male,NA,river,NA,NA,NA
2010,NA,NA,RB,805,5.6,male,NA,river,NA,NA,NA
2010,NA,NA,RB,800,5.8,male,NA,river,NA,NA,NA
2010,NA,NA,RB,595,2.3,female,NA,river,NA,NA,NA
2010,NA,NA,RB,645,2.9,male,NA,river,NA,NA,NA
2010,NA,NA,RB,730,4.2,male,NA,river,NA,NA,NA
2010,NA,NA,RB,734,4.6,male,NA,river,NA,NA,NA
2010,NA,NA,RB,685,3.5,male,NA,river,NA,NA,NA
2010,NA,NA,RB,799,6,male,NA,river,NA,NA,NA
2010,NA,NA,RB,853,6.8,male,NA,river,NA,NA,NA
2010,NA,NA,RB,660,3,female,NA,river,NA,NA,NA
2010,NA,NA,RB,798,5.4,male,NA,river,NA,NA,NA
2010,NA,NA,RB,670,3.4,female,NA,river,NA,NA,NA
2010,NA,NA,RB,760,4.6,male,NA,river,NA,NA,NA
2010,NA,NA,RB,767,4.8,male,NA,river,NA,NA,NA
2010,NA,NA,RB,755,4.8,male,NA,river,NA,NA,NA
2010,NA,NA,RB,730,4.4,male,NA,river,NA,NA,NA
2010,NA,NA,RB,625,2.8,male,NA,river,NA,NA,NA
2010,NA,NA,RB,758,5.1,male,NA,river,NA,NA,NA
2010,NA,NA,RB,720,4.3,male,NA,river,NA,NA,NA
2010,NA,NA,RB,767,4.6,male,NA,river,NA,NA,NA
2010,NA,NA,RB,663,2.9,female,NA,river,NA,NA,NA
2010,NA,NA,RB,715,4.9,male,NA,river,NA,NA,NA
2010,NA,NA,RB,760,NA,male,NA,river,NA,NA,NA
2010,NA,NA,RB,750,5.1,male,NA,river,NA,NA,NA
2010,NA,NA,RB,801,6.2,male,NA,river,NA,NA,NA
2010,NA,NA,RB,762,4.5,male,NA,river,NA,NA,NA
2010,NA,NA,RB,770,NA,male,NA,river,NA,NA,NA
2010,NA,NA,RB,652,3,female,NA,river,NA,NA,NA
2010,NA,NA,RB,710,4.1,male,NA,river,NA,NA,NA
2010,NA,NA,RB,698,3.4,female,NA,river,NA,NA,NA
2010,NA,NA,RB,770,5.3,male,NA,river,NA,NA,NA
2010,NA,NA,RB,655,3.3,male,NA,river,NA,NA,NA
2010,NA,NA,RB,743,4.8,male,NA,river,NA,NA,NA
2010,NA,NA,RB,725,4,male,NA,river,NA,NA,NA
2010,NA,NA,RB,721,4.5,male,NA,river,NA,NA,NA
2010,NA,NA,RB,790,5.6,male,NA,river,NA,NA,NA
2014,NA,NA,RB,890,NA,male,NA,NA,NA,NA,NA
2014,NA,NA,RB,840,NA,female,NA,NA,NA,NA,NA
2014,NA,NA,RB,810,NA,female,NA,NA,NA,NA,NA
2014,NA,NA,RB,760,NA,female,NA,NA,NA,NA,NA
2014,NA,NA,RB,740,NA,female,NA,NA,NA,NA,NA
2014,NA,NA,RB,690,NA,female,NA,NA,NA,NA,NA
2014,NA,NA,RB,565,NA,female,NA,NA,NA,NA,NA
2014,NA,NA,RB,780,NA,male,NA,NA,NA,NA,NA
2014,NA,NA,RB,730,NA,female,NA,NA,NA,NA,NA
2014,NA,NA,RB,690,NA,female,NA,NA,NA,NA,NA
2014,NA,NA,RB,850,NA,male,NA,NA,NA,NA,NA
2014,NA,NA,RB,830,NA,female,NA,NA,NA,NA,NA
2014,NA,NA,RB,820,NA,male,NA,NA,NA,NA,NA
2014,NA,NA,RB,770,NA,male,NA,NA,NA,NA,NA
2014,NA,NA,RB,850,NA,male,NA,NA,NA,NA,NA
2014,NA,NA,RB,830,NA,female,NA,NA,NA,NA,NA
2014,NA,NA,RB,790,NA,female,NA,NA,NA,NA,NA
2014,NA,NA,RB,750,NA,male,NA,NA,NA,NA,NA
2014,NA,NA,RB,810,NA,male,NA,NA,NA,NA,NA
2014,NA,NA,RB,780,NA,female,NA,NA,NA,NA,NA
2016,NA,NA,RB,791,4.46,male,NA,NA,NA,NA,NA
2016,NA,NA,RB,543,1.24,female,NA,NA,NA,NA,NA
2016,NA,NA,RB,673,2.62,male,NA,NA,NA,NA,NA
2016,NA,NA,RB,640,2.41,male,NA,NA,NA,NA,NA
2016,NA,NA,RB,560,1.124,male,NA,NA,NA,NA,NA
2016,NA,NA,RB,545,1.45,male,NA,NA,NA,NA,NA
2016,NA,NA,RB,724,4.15,male,NA,NA,NA,NA,NA
2016,NA,NA,RB,462,1.13,male,NA,NA,NA,NA,NA
2016,NA,NA,RB,601,1.89,male,NA,NA,NA,NA,NA
2016,NA,NA,RB,518,1.34,male,NA,NA,NA,NA,NA
2016,NA,NA,RB,564,1.82,female,NA,NA,NA,NA,NA
2016,NA,NA,RB,550,1.94,male,NA,NA,NA,NA,NA
2016,NA,NA,RB,639,2.71,male,NA,NA,NA,NA,NA
2016,NA,NA,RB,510,0.85,male,NA,NA,NA,NA,NA
2016,NA,NA,RB,710,2.9,male,NA,NA,NA,NA,NA
2016,NA,NA,RB,660,2.25,female,NA,NA,NA,NA,NA
2016,NA,NA,RB,585,1.5,male,NA,NA,NA,NA,NA
2016,NA,NA,RB,490,0.8,male,NA,NA,NA,NA,NA
2016,NA,NA,RB,545,1.55,male,NA,NA,NA,NA,NA
2016,NA,NA,RB,515,0.8,male,NA,NA,NA,NA,NA
2016,NA,NA,RB,521,1.2,male,NA,NA,NA,NA,NA
2016,NA,NA,RB,575,1.9,male,NA,NA,NA,NA,NA
2016,NA,NA,RB,505,1.1,male,NA,NA,NA,NA,NA
2016,NA,NA,RB,525,1.3,male,NA,NA,NA,NA,NA
2017,NA,NA,RB,510,1.3,female,NA,NA,NA,NA,NA
2017,NA,NA,RB,460,1,female,NA,NA,NA,NA,NA
2017,NA,NA,RB,625,2.8,male,NA,NA,NA,NA,NA
2017,NA,NA,RB,530,1.8,male,NA,NA,NA,NA,NA
2017,NA,NA,RB,480,1.4,male,NA,NA,NA,NA,NA
2017,NA,NA,RB,540,1.45,male,NA,NA,NA,NA,NA
2017,NA,NA,RB,520,1.2,male,NA,NA,NA,NA,NA
2017,NA,NA,RB,550,1.4,male,NA,NA,NA,NA,NA
2017,NA,NA,RB,600,1.8,male,NA,NA,NA,NA,NA
2017,NA,NA,RB,510,1.1,male,NA,NA,NA,NA,NA
2017,NA,NA,RB,510,1,male,NA,NA,NA,NA,NA
2017,NA,NA,RB,510,1.1,female,NA,NA,NA,NA,NA
2017,NA,NA,RB,510,1.25,male,NA,NA,NA,NA,NA
2017,NA,NA,RB,620,2.35,male,NA,NA,NA,NA,NA
2017,NA,NA,RB,580,1.55,male,NA,NA,NA,NA,NA
2017,NA,NA,RB,520,1.4,male,NA,NA,NA,NA,NA
2017,NA,NA,RB,520,1.3,male,NA,NA,NA,NA,NA
2017,NA,NA,RB,540,1.55,male,NA,NA,NA,NA,NA
2017,NA,NA,RB,470,0.9,male,NA,NA,NA,NA,NA
2017,NA,NA,RB,460,0.9,male,NA,NA,NA,NA,NA
2003,NA,NA,RB,690,NA,NA,5200,lake,NA,2015 Andrusak Report ( Fishery),NA
2003,NA,NA,RB,640,NA,NA,6645,lake,NA,2015 Andrusak Report ( Fishery),NA
2003,NA,NA,RB,711,NA,NA,6752,lake,NA,2015 Andrusak Report ( Fishery),NA
2003,NA,NA,RB,838,NA,NA,7107,lake,NA,2015 Andrusak Report ( Fishery),NA
2004,NA,NA,RB,626,NA,NA,5245,lake,NA,2015 Andrusak Report ( Fishery),NA
2004,NA,NA,RB,805,NA,NA,5254,lake,NA,2015 Andrusak Report ( Fishery),NA
2004,NA,NA,RB,686,NA,NA,6028,lake,NA,2015 Andrusak Report ( Fishery),NA
2004,NA,NA,RB,635,NA,NA,6310,lake,NA,2015 Andrusak Report ( Fishery),NA
2004,NA,NA,RB,661,NA,NA,6611,lake,NA,2015 Andrusak Report ( Fishery),NA
2004,NA,NA,RB,737,NA,NA,7067,lake,NA,2015 Andrusak Report ( Fishery),NA
2004,NA,NA,RB,750,NA,NA,7685,lake,NA,2015 Andrusak Report ( Fishery),NA
2004,NA,NA,RB,764,NA,NA,7827,lake,NA,2015 Andrusak Report ( Fishery),NA
2004,NA,NA,RB,758,NA,NA,7850,lake,NA,2015 Andrusak Report ( Fishery),NA
2004,NA,NA,RB,805,NA,NA,8475,lake,NA,2015 Andrusak Report ( Fishery),NA
2004,NA,NA,RB,788,NA,NA,8589,lake,NA,2015 Andrusak Report ( Fishery),NA
2004,NA,NA,RB,838,NA,NA,8641,lake,NA,2015 Andrusak Report ( Fishery),NA
2004,NA,NA,RB,838,NA,NA,8670,lake,NA,2015 Andrusak Report ( Fishery),NA
2004,NA,NA,RB,769,NA,NA,8765,lake,NA,2015 Andrusak Report ( Fishery),NA
2004,NA,NA,RB,835,NA,NA,9504,lake,NA,2015 Andrusak Report ( Fishery),NA
2004,NA,NA,RB,838,NA,NA,10234,lake,NA,2015 Andrusak Report ( Fishery),NA
2004,NA,NA,RB,864,NA,NA,10656,lake,NA,2015 Andrusak Report ( Fishery),NA
2004,NA,NA,RB,889,NA,NA,11356,lake,NA,2015 Andrusak Report ( Fishery),NA
2015,11,29,RB,385,0.681,NA,816,lake,NA,Piscivore Sampling (in-lake),NA
2015,12,5,RB,406,0.789,NA,891,lake,NA,Piscivore Sampling (in-lake),NA
2015,11,22,RB,410,0.856,NA,983,lake,NA,Piscivore Sampling (in-lake),NA
2015,11,20,RB,476,1.165,NA,672,lake,NA,Piscivore Sampling (in-lake),NA
2015,11,25,RB,451,0.989,NA,792,lake,NA,Piscivore Sampling (in-lake),NA
2015,11,16,RB,382,0.648,NA,550,lake,NA,Piscivore Sampling (in-lake),NA
2015,11,11,RB,379,0.629,NA,1045,lake,NA,Piscivore Sampling (in-lake),NA
2015,11,11,RB,487,1.355,NA,2140,lake,NA,Piscivore Sampling (in-lake),NA
2015,11,15,RB,487,1.202,NA,1858,lake,NA,Piscivore Sampling (in-lake),NA
2015,11,24,RB,422,0.869,NA,1221,lake,NA,Piscivore Sampling (in-lake),NA
2015,11,24,RB,430,0.924,NA,1989,lake,NA,Piscivore Sampling (in-lake),NA
2015,11,24,RB,395,0.773,NA,1580,lake,NA,Piscivore Sampling (in-lake),NA
2016,10,20,RB,497,1.415,NA,1123,lake,NA,Piscivore Sampling (in-lake),NA
2016,11,30,RB,475,1.174,NA,1557,lake,NA,Piscivore Sampling (in-lake),NA
2017,10,24,RB,483,1.117,NA,1077,lake,NA,Piscivore Sampling (in-lake),NA
2017,11,17,RB,430,0.839,NA,1018,lake,NA,Piscivore Sampling (in-lake),NA
2017,11,17,RB,458,1.152,NA,1455,lake,NA,Piscivore Sampling (in-lake),NA
1966,1,2,RB,580,2.8,NA,NA,NA,113,NA,NA
1966,1,5,RB,650,3.6,NA,NA,NA,165,NA,NA
1966,1,7,RB,420,0.8,NA,NA,NA,136,NA,NA
1966,1,8,RB,600,3.1,NA,NA,NA,151,NA,NA
1966,1,8,RB,630,3.6,NA,NA,NA,131,NA,NA
1966,1,15,RB,710,4.6,NA,NA,NA,163,NA,NA
1966,1,18,RB,737,6.4,NA,NA,NA,107,NA,NA
1966,1,18,RB,620,3,NA,NA,NA,149,NA,NA
1966,1,22,RB,500,1.7,NA,NA,NA,144,NA,NA
1966,1,30,RB,680,5.2,NA,NA,NA,117,NA,NA
1966,2,5,RB,610,3.6,NA,NA,NA,171,NA,NA
1966,2,6,RB,620,3.5,NA,NA,NA,172,NA,NA
1966,2,15,RB,750,6,NA,NA,NA,196,NA,NA
1966,2,20,RB,680,4.5,NA,NA,NA,175,NA,NA
1966,2,20,RB,730,NA,NA,NA,NA,192,NA,NA
1966,2,26,RB,640,3.6,NA,NA,NA,186,NA,NA
1966,2,26,RB,660,4.1,NA,NA,NA,187,NA,NA
1966,2,26,RB,680,4.4,NA,NA,NA,188,NA,NA
1966,3,2,RB,660,4.5,NA,NA,NA,255,NA,NA
1966,3,5,RB,560,1.9,NA,NA,NA,179,NA,NA
1966,3,6,RB,483,1.4,NA,NA,NA,313,NA,NA
1966,3,11,RB,690,4.8,NA,NA,NA,263,NA,NA
1966,3,12,RB,790,6.8,NA,NA,NA,303,NA,NA
1966,3,12,RB,370,0.7,NA,NA,NA,304,NA,NA
1966,3,19,RB,490,1.5,NA,NA,NA,257,NA,NA
1966,3,26,RB,860,9.1,NA,NA,NA,205,NA,NA
1966,4,1,RB,460,1,NA,NA,NA,306,NA,NA
1966,4,8,RB,430,0.9,NA,NA,NA,235,NA,NA
1966,4,8,RB,320,0.5,NA,NA,NA,237,NA,NA
1966,4,9,RB,520,1.5,NA,NA,NA,247,NA,NA
1966,4,10,RB,690,NA,NA,NA,NA,263,NA,NA
1966,4,10,RB,490,1.3,NA,NA,NA,285,NA,NA
1966,4,13,RB,810,7.5,NA,NA,NA,261,NA,NA
1966,4,16,RB,590,2.5,NA,NA,NA,280,NA,NA
1966,4,16,RB,470,1,NA,NA,NA,281,NA,NA
1966,4,16,RB,686,2.7,NA,NA,NA,282,NA,NA
1966,4,16,RB,635,3.6,NA,NA,NA,288,NA,NA
1966,4,16,RB,432,1.4,NA,NA,NA,291,NA,NA
1966,4,17,RB,559,2.4,NA,NA,NA,293,NA,NA
1966,4,18,RB,500,1.5,NA,NA,NA,284,NA,NA
1966,4,21,RB,710,5.7,NA,NA,NA,273,NA,NA
1966,4,24,RB,810,8.3,NA,NA,NA,278,NA,NA
1966,4,26,RB,432,1.4,NA,NA,NA,307,NA,NA
1966,4,30,RB,700,4.9,NA,NA,NA,203,NA,NA
1966,4,30,RB,500,1.4,NA,NA,NA,252,NA,NA
1966,5,1,RB,440,1.1,NA,NA,NA,248,NA,NA
1966,5,2,RB,460,1,NA,NA,NA,320,NA,NA
1966,5,2,RB,550,1.6,NA,NA,NA,317,NA,NA
1966,5,2,RB,620,3.2,NA,NA,NA,318,NA,NA
1966,5,2,RB,605,2.3,NA,NA,NA,400,NA,NA
1966,5,2,RB,690,4,NA,NA,NA,401,NA,NA
1966,5,2,RB,700,4.9,NA,NA,NA,250,NA,NA
1966,5,2,RB,730,5.9,NA,NA,NA,314,NA,NA
1966,5,2,RB,600,2.7,NA,NA,NA,301,NA,NA
1966,5,2,RB,350,0.5,NA,NA,NA,402,NA,NA
1966,5,2,RB,440,0.5,NA,NA,NA,403,NA,NA
1966,5,3,RB,410,0.8,NA,NA,NA,417,NA,NA
1966,5,4,RB,670,4.4,NA,NA,NA,312,NA,NA
1966,5,6,RB,700,4.5,NA,NA,NA,503,NA,NA
1966,5,7,RB,690,4,NA,NA,NA,315,NA,NA
1966,5,7,RB,730,5.9,NA,NA,NA,314,NA,NA
1966,5,7,RB,550,1.8,NA,NA,NA,317,NA,NA
1966,5,7,RB,620,3.2,NA,NA,NA,318,NA,NA
1966,5,8,RB,710,4.9,NA,NA,NA,231,NA,NA
1966,5,8,RB,800,7.2,NA,NA,NA,319,NA,NA
1966,5,8,RB,800,7.2,NA,NA,NA,319,NA,NA
1966,5,8,RB,740,6.6,NA,NA,NA,321,NA,NA
1966,5,8,RB,780,7.3,NA,NA,NA,322,NA,NA
1966,5,8,RB,730,5.5,NA,NA,NA,323,NA,NA
1966,5,9,RB,780,7.2,NA,NA,NA,319,NA,NA
1966,5,9,RB,700,4.7,NA,NA,NA,325,NA,NA
1966,5,9,RB,780,6.8,NA,NA,NA,326,NA,NA
1966,5,9,RB,620,2.7,NA,NA,NA,331,NA,NA
1966,5,12,RB,800,6.7,NA,NA,NA,NA,NA,NA
1966,5,13,RB,470,1.5,NA,NA,NA,338,NA,NA
1966,5,13,RB,510,1.5,NA,NA,NA,276,NA,NA
1966,5,13,RB,490,1.6,NA,NA,NA,328,NA,NA
1966,5,13,RB,775,7.5,NA,NA,NA,329,NA,NA
1966,5,16,RB,530,1.8,NA,NA,NA,265,NA,NA
1966,5,16,RB,760,5.9,NA,NA,NA,253,NA,NA
1966,5,16,RB,400,0.8,NA,NA,NA,256,NA,NA
1966,5,16,RB,500,1.3,NA,NA,NA,258,NA,NA
1966,5,16,RB,530,1.6,NA,NA,NA,259,NA,NA
1966,5,16,RB,640,2.8,NA,NA,NA,261,NA,NA
1966,5,16,RB,650,3.6,NA,NA,NA,262,NA,NA
1966,5,16,RB,450,1,NA,NA,NA,263,NA,NA
1966,5,16,RB,516,1.5,NA,NA,NA,276,NA,NA
1966,5,17,RB,490,1.5,NA,NA,NA,600,NA,NA
1966,5,17,RB,450,1,NA,NA,NA,601,NA,NA
1966,5,17,RB,630,3.5,NA,NA,NA,347,NA,NA
1966,5,17,RB,680,4.1,NA,NA,NA,346,NA,NA
1966,5,17,RB,700,4.1,NA,NA,NA,272,NA,NA
1966,5,17,RB,700,4.2,NA,NA,NA,272,NA,NA
1966,5,17,RB,700,5.7,NA,NA,NA,273,NA,NA
1966,5,17,RB,740,5.7,NA,NA,NA,305,NA,NA
1966,5,17,RB,800,6.5,NA,NA,NA,307,NA,NA
1966,5,17,RB,630,3.7,NA,NA,NA,332,NA,NA
1966,5,17,RB,470,1.1,NA,NA,NA,338,NA,NA
1966,5,17,RB,400,0.8,NA,NA,NA,342,NA,NA
1966,5,17,RB,370,0.5,NA,NA,NA,502,NA,NA
1966,5,17,RB,730,6,NA,NA,NA,736,NA,NA
1966,5,18,RB,430,1.1,NA,NA,NA,315,NA,NA
1966,5,18,RB,490,1.4,NA,NA,NA,317,NA,NA
1966,5,18,RB,470,1.1,NA,NA,NA,318,NA,NA
1966,5,18,RB,710,5.5,NA,NA,NA,333,NA,NA
1966,5,19,RB,690,3.9,NA,NA,NA,308,NA,NA
1966,5,19,RB,410,0.7,NA,NA,NA,312,NA,NA
1966,5,19,RB,440,1.6,NA,NA,NA,313,NA,NA
1966,5,19,RB,370,0.6,NA,NA,NA,323,NA,NA
1966,5,19,RB,500,1.5,NA,NA,NA,324,NA,NA
1966,5,19,RB,540,1.6,NA,NA,NA,326,NA,NA
1966,5,19,RB,420,0.9,NA,NA,NA,328,NA,NA
1966,5,19,RB,850,6.8,NA,NA,NA,350,NA,NA
1966,5,20,RB,545,2.3,NA,NA,NA,301,NA,NA
1966,5,20,RB,620,2.7,NA,NA,NA,344,NA,NA
1966,5,21,RB,740,5.2,NA,NA,NA,309,NA,NA
1966,5,21,RB,440,1.1,NA,NA,NA,320,NA,NA
1966,5,21,RB,700,4.8,NA,NA,NA,327,NA,NA
1966,5,22,RB,405,0.8,NA,NA,NA,270,NA,NA
1966,5,22,RB,260,0.2,NA,NA,NA,300,NA,NA
1966,5,22,RB,290,0.3,NA,NA,NA,300,NA,NA
1966,5,22,RB,460,1,NA,NA,NA,303,NA,NA
1966,5,22,RB,420,1,NA,NA,NA,304,NA,NA
1966,5,22,RB,330,0.4,NA,NA,NA,304,NA,NA
1966,5,22,RB,330,0.4,NA,NA,NA,305,NA,NA
1966,5,22,RB,270,0.3,NA,NA,NA,306,NA,NA
1966,5,22,RB,440,1.4,NA,NA,NA,307,NA,NA
1966,5,22,RB,680,4.8,NA,NA,NA,308,NA,NA
1966,5,22,RB,480,1.5,NA,NA,NA,309,NA,NA
1966,5,22,RB,680,3,NA,NA,NA,310,NA,NA
1966,5,22,RB,430,0.9,NA,NA,NA,310,NA,NA
1966,5,22,RB,330,0.5,NA,NA,NA,311,NA,NA
1966,5,22,RB,520,1.6,NA,NA,NA,312,NA,NA
1966,5,22,RB,520,1.5,NA,NA,NA,312,NA,NA
1966,5,22,RB,460,1.1,NA,NA,NA,322,NA,NA
1966,5,22,RB,460,1.1,NA,NA,NA,322,NA,NA
1966,5,22,RB,590,2.7,NA,NA,NA,330,NA,NA
1966,5,22,RB,590,2.6,NA,NA,NA,330,NA,NA
1966,5,22,RB,480,2.2,NA,NA,NA,330,NA,NA
1966,5,22,RB,400,0.6,NA,NA,NA,331,NA,NA
1966,5,22,RB,330,0.4,NA,NA,NA,333,NA,NA
1966,5,22,RB,400,0.7,NA,NA,NA,334,NA,NA
1966,5,22,RB,400,0.9,NA,NA,NA,334,NA,NA
1966,5,22,RB,580,2.2,NA,NA,NA,336,NA,NA
1966,5,22,RB,710,2.3,NA,NA,NA,337,NA,NA
1966,5,22,RB,555,1.9,NA,NA,NA,372,NA,NA
1966,5,23,RB,550,2.2,NA,NA,NA,329,NA,NA
1966,5,23,RB,270,0.2,NA,NA,NA,310,NA,NA
1966,5,23,RB,430,1.5,NA,NA,NA,312,NA,NA
1966,5,23,RB,400,0.8,NA,NA,NA,331,NA,NA
1966,5,23,RB,420,0.9,NA,NA,NA,334,NA,NA
1966,5,23,RB,580,2.2,NA,NA,NA,336,NA,NA
1966,5,23,RB,710,4.8,NA,NA,NA,337,NA,NA
1966,5,23,RB,480,1.4,NA,NA,NA,367,NA,NA
1966,5,23,RB,490,1.3,NA,NA,NA,368,NA,NA
1966,5,23,RB,340,0.4,NA,NA,NA,400,NA,NA
1966,5,23,RB,330,0.4,NA,NA,NA,401,NA,NA
1966,5,24,RB,850,8.6,NA,NA,NA,368,NA,NA
1966,5,24,RB,810,5.8,NA,NA,NA,372,NA,NA
1966,5,24,RB,830,5.5,NA,NA,NA,370,NA,NA
1966,5,24,RB,710,4.4,NA,NA,NA,371,NA,NA
1966,5,25,RB,720,5.8,NA,NA,NA,310,NA,NA
1966,5,25,RB,690,4.7,NA,NA,NA,357,NA,NA
1966,5,25,RB,740,5.5,NA,NA,NA,364,NA,NA
1966,5,25,RB,760,6.9,NA,NA,NA,360,NA,NA
1966,5,25,RB,700,4.1,NA,NA,NA,363,NA,NA
1966,5,26,RB,770,6.5,NA,NA,NA,361,NA,NA
1966,5,26,RB,840,8.2,NA,NA,NA,373,NA,NA
1966,5,27,RB,670,4.2,NA,NA,NA,351,NA,NA
1966,5,27,RB,670,4.5,NA,NA,NA,353,NA,NA
1966,5,27,RB,690,3.6,NA,NA,NA,359,NA,NA
1966,5,27,RB,780,6.8,NA,NA,NA,369,NA,NA
1966,5,28,RB,280,0.3,NA,NA,NA,301,NA,NA
1966,5,29,RB,690,3.9,NA,NA,NA,23,NA,NA
1966,5,30,RB,760,5.7,NA,NA,NA,356,NA,NA
1966,5,30,RB,420,0.9,NA,NA,NA,362,NA,NA
1966,5,31,RB,780,6.1,NA,NA,NA,300,NA,NA
1966,5,31,RB,370,0.6,NA,NA,NA,302,NA,NA
1966,5,31,RB,830,6.8,NA,NA,NA,374,NA,NA
1966,6,1,RB,480,1.4,NA,NA,NA,358,NA,NA
1966,6,1,RB,530,1.8,NA,NA,NA,367,NA,NA
1966,6,1,RB,680,3.4,NA,NA,NA,819,NA,NA
1966,6,2,RB,350,0.4,NA,NA,NA,32,NA,NA
1966,6,3,RB,300,0.3,NA,NA,NA,459,NA,NA
1966,6,3,RB,350,0.5,NA,NA,NA,458,NA,NA
1966,6,3,RB,513,1.4,NA,NA,NA,35,NA,NA
1966,6,3,RB,650,3.7,NA,NA,NA,460,NA,NA
1966,6,3,RB,690,4.9,NA,NA,NA,465,NA,NA
1966,6,3,RB,360,0.3,NA,NA,NA,410,NA,NA
1966,6,3,RB,760,4.7,NA,NA,NA,411,NA,NA
1966,6,3,RB,500,1.4,NA,NA,NA,412,NA,NA
1966,6,3,RB,390,0.8,NA,NA,NA,413,NA,NA
1966,6,3,RB,820,7.6,NA,NA,NA,413,NA,NA
1966,6,3,RB,370,0.8,NA,NA,NA,414,NA,NA
1966,6,3,RB,515,1.5,NA,NA,NA,416,NA,NA
1966,6,3,RB,520,1.5,NA,NA,NA,418,NA,NA
1966,6,3,RB,630,3,NA,NA,NA,419,NA,NA
1966,6,3,RB,475,1.2,NA,NA,NA,420,NA,NA
1966,6,3,RB,330,0.4,NA,NA,NA,421,NA,NA
1966,6,3,RB,670,3.8,NA,NA,NA,422,NA,NA
1966,6,3,RB,420,0.7,NA,NA,NA,423,NA,NA
1966,6,3,RB,670,5.9,NA,NA,NA,427,NA,NA
1966,6,3,RB,670,3.6,NA,NA,NA,429,NA,NA
1966,6,3,RB,370,0.6,NA,NA,NA,441,NA,NA
1966,6,3,RB,510,1.6,NA,NA,NA,442,NA,NA
1966,6,3,RB,300,0.4,NA,NA,NA,445,NA,NA
1966,6,3,RB,510,1.4,NA,NA,NA,448,NA,NA
1966,6,3,RB,760,4.5,NA,NA,NA,448,NA,NA
1966,6,3,RB,630,3.5,NA,NA,NA,452,NA,NA
1966,6,3,RB,710,4.4,NA,NA,NA,453,NA,NA
1966,6,3,RB,670,3.2,NA,NA,NA,454,NA,NA
1966,6,3,RB,310,0.4,NA,NA,NA,473,NA,NA
1966,6,4,RB,920,9.5,NA,NA,NA,430,NA,NA
1966,6,4,RB,390,0.7,NA,NA,NA,426,NA,NA
1966,6,4,RB,400,0.7,NA,NA,NA,428,NA,NA
1966,6,5,RB,350,0.6,NA,NA,NA,456,NA,NA
1966,6,5,RB,350,0.5,NA,NA,NA,455,NA,NA
1966,6,5,RB,320,0.5,NA,NA,NA,463,NA,NA
1966,6,5,RB,490,1.3,NA,NA,NA,462,NA,NA
1966,6,5,RB,460,1.3,NA,NA,NA,466,NA,NA
1966,6,5,RB,800,5,NA,NA,NA,461,NA,NA
1966,6,5,RB,800,5.6,NA,NA,NA,464,NA,NA
1966,6,5,RB,330,0.4,NA,NA,NA,411,NA,NA
1966,6,5,RB,450,1,NA,NA,NA,412,NA,NA
1966,6,5,RB,650,4.8,NA,NA,NA,413,NA,NA
1966,6,5,RB,420,0.8,NA,NA,NA,416,NA,NA
1966,6,5,RB,730,5,NA,NA,NA,419,NA,NA
1966,6,5,RB,410,0.8,NA,NA,NA,420,NA,NA
1966,6,5,RB,790,6.8,NA,NA,NA,421,NA,NA
1966,6,5,RB,370,0.7,NA,NA,NA,422,NA,NA
1966,6,5,RB,760,4.5,NA,NA,NA,424,NA,NA
1966,6,5,RB,380,0.5,NA,NA,NA,424,NA,NA
1966,6,5,RB,670,3.5,NA,NA,NA,425,NA,NA
1966,6,5,RB,780,6,NA,NA,NA,426,NA,NA
1966,6,5,RB,450,1.2,NA,NA,NA,427,NA,NA
1966,6,5,RB,790,7,NA,NA,NA,428,NA,NA
1966,6,5,RB,700,4.8,NA,NA,NA,429,NA,NA
1966,6,5,RB,730,4.9,NA,NA,NA,431,NA,NA
1966,6,5,RB,420,0.8,NA,NA,NA,432,NA,NA
1966,6,5,RB,330,0.4,NA,NA,NA,433,NA,NA
1966,6,5,RB,290,0.3,NA,NA,NA,434,NA,NA
1966,6,5,RB,310,0.4,NA,NA,NA,435,NA,NA
1966,6,5,RB,400,0.7,NA,NA,NA,436,NA,NA
1966,6,5,RB,410,0.8,NA,NA,NA,437,NA,NA
1966,6,5,RB,480,1.2,NA,NA,NA,438,NA,NA
1966,6,5,RB,650,4.9,NA,NA,NA,439,NA,NA
1966,6,5,RB,490,1.4,NA,NA,NA,441,NA,NA
1966,6,5,RB,380,0.7,NA,NA,NA,443,NA,NA
1966,6,5,RB,330,0.5,NA,NA,NA,444,NA,NA
1966,6,5,RB,850,7,NA,NA,NA,446,NA,NA
1966,6,5,RB,360,0.5,NA,NA,NA,449,NA,NA
1966,6,5,RB,500,1.4,NA,NA,NA,450,NA,NA
1966,6,5,RB,330,0.4,NA,NA,NA,471,NA,NA
1966,6,6,RB,590,2.3,NA,NA,NA,266,NA,NA
1966,6,6,RB,780,5.7,NA,NA,NA,414,NA,NA
1966,6,6,RB,760,5.5,NA,NA,NA,423,NA,NA
1966,6,7,RB,320,0.3,NA,NA,NA,410,NA,NA
1966,6,7,RB,520,2,NA,NA,NA,417,NA,NA
1966,6,7,RB,410,0.8,NA,NA,NA,418,NA,NA
1966,6,7,RB,490,1.4,NA,NA,NA,418,NA,NA
1966,6,7,RB,830,7.5,NA,NA,NA,425,NA,NA
1966,6,7,RB,550,1.5,NA,NA,NA,453,NA,NA
1966,6,8,RB,660,3.2,NA,NA,NA,454,NA,NA
1966,6,8,RB,770,5.9,NA,NA,NA,455,NA,NA
1966,6,9,RB,510,1.4,NA,NA,NA,256,NA,NA
1966,6,9,RB,460,1,NA,NA,NA,260,NA,NA
1966,6,9,RB,590,2.3,NA,NA,NA,271,NA,NA
1966,6,10,RB,570,1.8,NA,NA,NA,264,NA,NA
1966,6,10,RB,530,1.6,NA,NA,NA,261,NA,NA
1966,6,10,RB,620,3,NA,NA,NA,262,NA,NA
1966,6,11,RB,655,3.5,NA,NA,NA,268,NA,NA
1966,6,11,RB,775,5.7,NA,NA,NA,630,NA,NA
1966,6,11,RB,720,4.3,NA,NA,NA,626,NA,NA
1966,6,11,RB,870,5.5,NA,NA,NA,257,NA,NA
1966,6,11,RB,480,0.9,NA,NA,NA,258,NA,NA
1966,6,11,RB,600,2.5,NA,NA,NA,265,NA,NA
1966,6,11,RB,770,5.5,NA,NA,NA,269,NA,NA
1966,6,11,RB,770,5.5,NA,NA,NA,269,NA,NA
1966,6,11,RB,460,0.9,NA,NA,NA,540,NA,NA
1966,6,11,RB,460,1,NA,NA,NA,540,NA,NA
1966,6,11,RB,600,2.5,NA,NA,NA,572,NA,NA
1966,6,11,RB,435,2,NA,NA,NA,575,NA,NA
1966,6,12,RB,740,4.2,NA,NA,NA,451,NA,NA
1966,6,12,RB,520,1.6,NA,NA,NA,452,NA,NA
1966,6,12,RB,620,2.7,NA,NA,NA,581,NA,NA
1966,6,12,RB,740,5.5,NA,NA,NA,603,NA,NA
1966,6,12,RB,405,0.8,NA,NA,NA,624,NA,NA
1966,6,12,RB,500,1.6,NA,NA,NA,634,NA,NA
1966,6,13,RB,590,1.8,NA,NA,NA,450,NA,NA
1966,6,13,RB,440,0.9,NA,NA,NA,499,NA,NA
1966,6,13,RB,600,2.5,NA,NA,NA,606,NA,NA
1966,6,13,RB,480,1.1,NA,NA,NA,629,NA,NA
1966,6,14,RB,540,1.8,NA,NA,NA,549,NA,NA
1966,6,14,RB,330,0.4,NA,NA,NA,580,NA,NA
1966,6,15,RB,720,5,NA,NA,NA,518,NA,NA
1966,6,16,RB,510,1.6,NA,NA,NA,488,NA,NA
1966,6,16,RB,460,1.1,NA,NA,NA,625,NA,NA
1966,6,17,RB,690,4,NA,NA,NA,441,NA,NA
1966,6,17,RB,480,1,NA,NA,NA,489,NA,NA
1966,6,17,RB,570,2,NA,NA,NA,576,NA,NA
1966,6,17,RB,790,6.6,NA,NA,NA,607,NA,NA
1966,6,18,RB,750,5.5,NA,NA,NA,435,NA,NA
1966,6,18,RB,440,0.9,NA,NA,NA,525,NA,NA
1966,6,19,RB,670,4.1,NA,NA,NA,526,NA,NA
1966,6,19,RB,750,5.2,NA,NA,NA,550,NA,NA
1966,6,20,RB,800,5.2,NA,NA,NA,563,NA,NA
1966,6,20,RB,490,1.1,NA,NA,NA,521,NA,NA
1966,6,20,RB,480,1,NA,NA,NA,524,NA,NA
1966,6,21,RB,490,1.3,NA,NA,NA,566,NA,NA
1966,6,21,RB,640,2.6,NA,NA,NA,394,NA,NA
1966,6,21,RB,430,0.8,NA,NA,NA,497,NA,NA
1966,6,21,RB,640,3.3,NA,NA,NA,547,NA,NA
1966,6,21,RB,640,3.3,NA,NA,NA,547,NA,NA
1966,6,21,RB,700,5.2,NA,NA,NA,556,NA,NA
1966,6,21,RB,490,1.3,NA,NA,NA,558,NA,NA
1966,6,23,RB,680,3.6,NA,NA,NA,522,NA,NA
1966,6,25,RB,660,2.8,NA,NA,NA,481,NA,NA
1966,6,25,RB,430,1.4,NA,NA,NA,530,NA,NA
1966,6,26,RB,400,0.8,NA,NA,NA,466,NA,NA
1966,6,26,RB,500,1.2,NA,NA,NA,615,NA,NA
1966,6,26,RB,440,0.9,NA,NA,NA,591,NA,NA
1966,6,26,RB,700,4.2,NA,NA,NA,457,NA,NA
1966,6,26,RB,360,0.5,NA,NA,NA,579,NA,NA
1966,6,26,RB,720,4,NA,NA,NA,533,NA,NA
1966,6,26,RB,400,1.2,NA,NA,NA,436,NA,NA
1966,6,26,RB,690,3.4,NA,NA,NA,444,NA,NA
1966,6,26,RB,390,0.6,NA,NA,NA,447,NA,NA
1966,6,26,RB,350,0.5,NA,NA,NA,467,NA,NA
1966,6,26,RB,880,6.4,NA,NA,NA,490,NA,NA
1966,6,26,RB,380,0.4,NA,NA,NA,492,NA,NA
1966,6,26,RB,470,1,NA,NA,NA,494,NA,NA
1966,6,26,RB,360,0.4,NA,NA,NA,528,NA,NA
1966,6,27,RB,400,0.6,NA,NA,NA,469,NA,NA
1966,6,29,RB,380,0.5,NA,NA,NA,25,NA,NA
1966,6,29,RB,330,0.4,NA,NA,NA,26,NA,NA
1966,6,29,RB,415,0.7,NA,NA,NA,27,NA,NA
1966,6,29,RB,819,4.9,NA,NA,NA,439,NA,NA
1966,6,29,RB,400,0.7,NA,NA,NA,520,NA,NA
1966,7,1,RB,600,2.3,NA,NA,NA,480,NA,NA
1966,7,1,RB,850,8,NA,NA,NA,586,NA,NA
1966,7,2,RB,305,0.3,NA,NA,NA,30,NA,NA
1966,7,2,RB,530,1.4,NA,NA,NA,33,NA,NA
1966,7,2,RB,800,5.1,NA,NA,NA,470,NA,NA
1966,7,2,RB,770,6.1,NA,NA,NA,477,NA,NA
1966,7,2,RB,750,4.1,NA,NA,NA,500,NA,NA
1966,7,2,RB,700,3.3,NA,NA,NA,516,NA,NA
1966,7,2,RB,670,4.1,NA,NA,NA,539,NA,NA
1966,7,2,RB,770,5,NA,NA,NA,587,NA,NA
1966,7,3,RB,510,1.6,NA,NA,NA,448,NA,NA
1966,7,3,RB,510,1.4,NA,NA,NA,495,NA,NA
1966,7,3,RB,760,3.9,NA,NA,NA,501,NA,NA
1966,7,3,RB,630,2.7,NA,NA,NA,543,NA,NA
1966,7,3,RB,690,3.9,NA,NA,NA,588,NA,NA
1966,7,3,RB,630,3.1,NA,NA,NA,591,NA,NA
1966,7,4,RB,680,3.9,NA,NA,NA,490,NA,NA
1966,7,4,RB,540,1.7,NA,NA,NA,536,NA,NA
1966,7,7,RB,425,0.7,NA,NA,NA,37,NA,NA
1966,7,7,RB,420,0.9,NA,NA,NA,482,NA,NA
1966,7,7,RB,600,2.7,NA,NA,NA,570,NA,NA
1966,7,9,RB,740,4.5,NA,NA,NA,559,NA,NA
1966,7,9,RB,740,4.5,NA,NA,NA,612,NA,NA
1966,7,11,RB,735,4,NA,NA,NA,36,NA,NA
1966,7,11,RB,610,2.4,NA,NA,NA,589,NA,NA
1966,7,11,RB,420,0.9,NA,NA,NA,611,NA,NA
1966,7,12,RB,765,5.6,NA,NA,NA,517,NA,NA
1966,7,12,RB,750,6,NA,NA,NA,599,NA,NA
1966,7,13,RB,740,5.5,NA,NA,NA,519,NA,NA
1966,7,13,RB,290,0.4,NA,NA,NA,564,NA,NA
1966,7,13,RB,340,0.5,NA,NA,NA,609,NA,NA
1966,7,14,RB,430,0.8,NA,NA,NA,437,NA,NA
1966,7,14,RB,430,0.9,NA,NA,NA,614,NA,NA
1966,7,14,RB,670,3.5,NA,NA,NA,622,NA,NA
1966,7,15,RB,740,5.7,NA,NA,NA,472,NA,NA
1966,7,15,RB,700,4,NA,NA,NA,567,NA,NA
1966,7,15,RB,830,6.6,NA,NA,NA,610,NA,NA
1966,7,15,RB,690,3.6,NA,NA,NA,809,NA,NA
1966,7,16,RB,535,1.7,NA,NA,NA,446,NA,NA
1966,7,16,RB,850,5.2,NA,NA,NA,595,NA,NA
1966,7,17,RB,350,0.6,NA,NA,NA,465,NA,NA
1966,7,17,RB,315,0.3,NA,NA,NA,38,NA,NA
1966,7,17,RB,560,2.3,NA,NA,NA,568,NA,NA
1966,7,17,RB,350,0.5,NA,NA,NA,466,NA,NA
1966,7,17,RB,350,0.5,NA,NA,NA,468,NA,NA
1966,7,17,RB,430,0.9,NA,NA,NA,503,NA,NA
1966,7,17,RB,430,0.8,NA,NA,NA,503,NA,NA
1966,7,17,RB,330,0.5,NA,NA,NA,627,NA,NA
1966,7,17,RB,750,5,NA,NA,NA,636,NA,NA
1966,7,17,RB,750,5,NA,NA,NA,636,NA,NA
1966,7,18,RB,650,2.7,NA,NA,NA,523,NA,NA
1966,7,18,RB,560,1.8,NA,NA,NA,578,NA,NA
1966,7,20,RB,325,0.3,NA,NA,NA,65,NA,NA
1966,7,21,RB,530,1.8,NA,NA,NA,463,NA,NA
1966,7,21,RB,560,2.2,NA,NA,NA,443,NA,NA
1966,7,21,RB,560,2.1,NA,NA,NA,443,NA,NA
1966,7,21,RB,200,0.1,NA,NA,NA,585,NA,NA
1966,7,21,RB,350,0.5,NA,NA,NA,NA,NA,NA
1966,7,21,RB,350,0.5,NA,NA,NA,NA,NA,NA
1966,7,22,RB,330,0.5,NA,NA,NA,466,NA,NA
1966,7,22,RB,470,0.9,NA,NA,NA,537,NA,NA
1966,7,22,RB,500,1.4,NA,NA,NA,548,NA,NA
1966,7,23,RB,500,1.4,NA,NA,NA,620,NA,NA
1966,7,25,RB,390,0.6,NA,NA,NA,478,NA,NA
1966,7,25,RB,560,2,NA,NA,NA,515,NA,NA
1966,7,26,RB,335,0.4,NA,NA,NA,461,NA,NA
1966,7,26,RB,540,1.6,NA,NA,NA,501,NA,NA
1966,7,26,RB,660,3.2,NA,NA,NA,479,NA,NA
1966,7,27,RB,400,0.7,NA,NA,NA,466,NA,NA
1966,7,27,RB,430,0.9,NA,NA,NA,440,NA,NA
1966,7,27,RB,340,0.8,NA,NA,NA,560,NA,NA
1966,7,27,RB,290,0.3,NA,NA,NA,564,NA,NA
1966,7,28,RB,540,1.8,NA,NA,NA,493,NA,NA
1966,7,30,RB,592,2.3,NA,NA,NA,119,NA,NA
1966,7,30,RB,380,0.7,NA,NA,NA,487,NA,NA
1966,7,30,RB,380,0.7,NA,NA,NA,487,NA,NA
1966,7,30,RB,740,5.5,NA,NA,NA,498,NA,NA
1966,7,30,RB,400,0.7,NA,NA,NA,531,NA,NA
1966,8,1,RB,560,1.7,NA,NA,NA,617,NA,NA
1966,8,3,RB,210,0.1,NA,NA,NA,866,NA,NA
1966,8,8,RB,790,4.4,NA,NA,NA,569,NA,NA
1966,8,8,RB,510,1.6,NA,NA,NA,583,NA,NA
1966,8,9,RB,410,0.9,NA,NA,NA,527,NA,NA
1966,8,11,RB,480,0.9,NA,NA,NA,534,NA,NA
1966,8,13,RB,365,0.5,NA,NA,NA,247,NA,NA
1966,8,13,RB,319,0.3,NA,NA,NA,245,NA,NA
1966,8,13,RB,540,1.8,NA,NA,NA,853,NA,NA
1966,8,13,RB,730,4.5,NA,NA,NA,853,NA,NA
1966,8,13,RB,390,0.6,NA,NA,NA,853,NA,NA
1966,8,13,RB,300,0.7,NA,NA,NA,857,NA,NA
1966,8,13,RB,190,0.1,NA,NA,NA,858,NA,NA
1966,8,13,RB,320,0.3,NA,NA,NA,862,NA,NA
1966,8,13,RB,220,0.2,NA,NA,NA,864,NA,NA
1966,8,13,RB,220,0.2,NA,NA,NA,864,NA,NA
1966,8,13,RB,260,0.2,NA,NA,NA,865,NA,NA
1966,8,13,RB,220,0.2,NA,NA,NA,882,NA,NA
1966,8,13,RB,220,0.2,NA,NA,NA,882,NA,NA
1966,8,13,RB,230,0.2,NA,NA,NA,883,NA,NA
1966,8,13,RB,210,0.2,NA,NA,NA,885,NA,NA
1966,8,13,RB,190,0.1,NA,NA,NA,890,NA,NA
1966,8,13,RB,250,0.2,NA,NA,NA,899,NA,NA
1966,8,14,RB,740,4.2,NA,NA,NA,853,NA,NA
1966,8,15,RB,440,0.9,NA,NA,NA,892,NA,NA
1966,8,16,RB,370,0.5,NA,NA,NA,858,NA,NA
1966,8,17,RB,650,3.6,NA,NA,NA,826,NA,NA
1966,8,18,RB,370,0.4,NA,NA,NA,839,NA,NA
1966,8,19,RB,540,1.6,NA,NA,NA,838,NA,NA
1966,8,21,RB,398,0.6,NA,NA,NA,256,NA,NA
1966,8,21,RB,470,1.2,NA,NA,NA,817,NA,NA
1966,8,21,RB,420,0.7,NA,NA,NA,842,NA,NA
1966,8,21,RB,530,1.8,NA,NA,NA,824,NA,NA
1966,8,21,RB,370,0.5,NA,NA,NA,818,NA,NA
1966,8,21,RB,370,0.6,NA,NA,NA,823,NA,NA
1966,8,21,RB,530,1.8,NA,NA,NA,824,NA,NA
1966,8,21,RB,510,1.4,NA,NA,NA,830,NA,NA
1966,8,21,RB,430,0.8,NA,NA,NA,831,NA,NA
1966,8,21,RB,520,1.8,NA,NA,NA,837,NA,NA
1966,8,21,RB,370,0.7,NA,NA,NA,848,NA,NA
1966,8,21,RB,350,0.5,NA,NA,NA,872,NA,NA
1966,8,21,RB,460,1.1,NA,NA,NA,873,NA,NA
1966,8,21,RB,440,1,NA,NA,NA,877,NA,NA
1966,8,21,RB,220,0.2,NA,NA,NA,880,NA,NA
1966,8,21,RB,220,0.2,NA,NA,NA,880,NA,NA
1966,8,21,RB,350,0.5,NA,NA,NA,895,NA,NA
1966,8,22,RB,363,0.5,NA,NA,NA,260,NA,NA
1966,8,22,RB,440,0.8,NA,NA,NA,834,NA,NA
1966,8,22,RB,600,2.2,NA,NA,NA,852,NA,NA
1966,8,22,RB,520,2.2,NA,NA,NA,818,NA,NA
1966,8,22,RB,510,1.8,NA,NA,NA,822,NA,NA
1966,8,22,RB,380,0.5,NA,NA,NA,854,NA,NA
1966,8,22,RB,440,0.9,NA,NA,NA,893,NA,NA
1966,8,23,RB,540,2.3,NA,NA,NA,809,NA,NA
1966,8,23,RB,240,0.2,NA,NA,NA,814,NA,NA
1966,8,23,RB,370,0.7,NA,NA,NA,840,NA,NA
1966,8,23,RB,550,2,NA,NA,NA,860,NA,NA
1966,8,23,RB,370,0.6,NA,NA,NA,879,NA,NA
1966,8,23,RB,450,0.9,NA,NA,NA,883,NA,NA
1966,8,23,RB,370,0.6,NA,NA,NA,884,NA,NA
1966,8,23,RB,520,1.6,NA,NA,NA,915,NA,NA
1966,8,23,RB,400,0.6,NA,NA,NA,917,NA,NA
1966,8,24,RB,420,0.7,NA,NA,NA,906,NA,NA
1966,8,24,RB,430,0.7,NA,NA,NA,922,NA,NA
1966,8,25,RB,240,0.2,NA,NA,NA,900,NA,NA
1966,8,26,RB,640,3,NA,NA,NA,801,NA,NA
1966,8,26,RB,460,0.9,NA,NA,NA,841,NA,NA
1966,8,26,RB,400,0.6,NA,NA,NA,930,NA,NA
1966,8,27,RB,370,0.5,NA,NA,NA,864,NA,NA
1966,8,27,RB,460,0.9,NA,NA,NA,869,NA,NA
1966,8,27,RB,710,4.5,NA,NA,NA,886,NA,NA
1966,8,27,RB,500,1.3,NA,NA,NA,908,NA,NA
1966,8,28,RB,470,1.6,NA,NA,NA,809,NA,NA
1966,8,28,RB,450,1,NA,NA,NA,815,NA,NA
1966,8,28,RB,545,1.8,NA,NA,NA,819,NA,NA
1966,8,28,RB,640,3.2,NA,NA,NA,849,NA,NA
1966,8,28,RB,410,0.8,NA,NA,NA,904,NA,NA
1966,8,28,RB,420,0.8,NA,NA,NA,914,NA,NA
1966,8,30,RB,410,0.9,NA,NA,NA,825,NA,NA
1966,8,30,RB,230,0.2,NA,NA,NA,850,NA,NA
1966,8,30,RB,460,1.1,NA,NA,NA,923,NA,NA
1966,8,30,RB,540,1.7,NA,NA,NA,NA,NA,NA
1966,8,31,RB,670,3.4,NA,NA,NA,848,NA,NA
1966,8,31,RB,200,0.1,NA,NA,NA,867,NA,NA
1966,8,31,RB,340,0.4,NA,NA,NA,881,NA,NA
1966,9,1,RB,630,3,NA,NA,NA,929,NA,NA
1966,9,2,RB,330,0.3,NA,NA,NA,803,NA,NA
1966,9,2,RB,200,0.1,NA,NA,NA,821,NA,NA
1966,9,2,RB,410,1.8,NA,NA,NA,829,NA,NA
1966,9,2,RB,250,0.2,NA,NA,NA,832,NA,NA
1966,9,2,RB,330,0.4,NA,NA,NA,844,NA,NA
1966,9,2,RB,450,1,NA,NA,NA,890,NA,NA
1966,9,2,RB,700,3.9,NA,NA,NA,891,NA,NA
1966,9,3,RB,400,0.7,NA,NA,NA,266,NA,NA
1966,9,3,RB,470,0.8,NA,NA,NA,845,NA,NA
1966,9,3,RB,710,4.7,NA,NA,NA,931,NA,NA
1966,9,3,RB,210,0.2,NA,NA,NA,806,NA,NA
1966,9,3,RB,400,0.7,NA,NA,NA,812,NA,NA
1966,9,3,RB,270,0.2,NA,NA,NA,881,NA,NA
1966,9,3,RB,230,0.2,NA,NA,NA,901,NA,NA
1966,9,3,RB,360,0.7,NA,NA,NA,902,NA,NA
1966,9,3,RB,500,1.5,NA,NA,NA,905,NA,NA
1966,9,3,RB,440,1,NA,NA,NA,911,NA,NA
1966,9,3,RB,240,0.2,NA,NA,NA,920,NA,NA
1966,9,3,RB,360,0.4,NA,NA,NA,NA,NA,NA
1966,9,4,RB,400,0.7,NA,NA,NA,812,NA,NA
1966,9,4,RB,360,0.7,NA,NA,NA,871,NA,NA
1966,9,4,RB,600,2.6,NA,NA,NA,888,NA,NA
1966,9,4,RB,230,0.2,NA,NA,NA,901,NA,NA
1966,9,4,RB,230,0.2,NA,NA,NA,928,NA,NA
1966,9,5,RB,520,1.6,NA,NA,NA,808,NA,NA
1966,9,5,RB,240,0.1,NA,NA,NA,902,NA,NA
1966,9,5,RB,390,0.6,NA,NA,NA,925,NA,NA
1966,9,10,RB,520,1.4,NA,NA,NA,926,NA,NA
1966,9,11,RB,240,0.2,NA,NA,NA,944,NA,NA
1966,9,11,RB,240,0.2,NA,NA,NA,946,NA,NA
1966,9,11,RB,290,0.3,NA,NA,NA,948,NA,NA
1966,9,11,RB,370,0.6,NA,NA,NA,952,NA,NA
1966,9,11,RB,230,0.2,NA,NA,NA,957,NA,NA
1966,9,11,RB,210,0.2,NA,NA,NA,973,NA,NA
1966,9,11,RB,400,0.6,NA,NA,NA,978,NA,NA
1966,9,13,RB,360,0.7,NA,NA,NA,871,NA,NA
1966,9,13,RB,230,0.2,NA,NA,NA,928,NA,NA
1966,9,17,RB,450,0.9,NA,NA,NA,939,NA,NA
1966,9,17,RB,430,1.5,NA,NA,NA,962,NA,NA
1966,9,19,RB,310,0.3,NA,NA,NA,958,NA,NA
1966,9,23,RB,440,1.2,NA,NA,NA,847,NA,NA
1966,9,28,RB,470,1.2,NA,NA,NA,802,NA,NA
1966,9,28,RB,260,0.2,NA,NA,NA,810,NA,NA
1966,9,28,RB,440,0.9,NA,NA,NA,911,NA,NA
1966,9,28,RB,390,0.8,NA,NA,NA,912,NA,NA
1966,9,28,RB,440,0.9,NA,NA,NA,916,NA,NA
1966,9,28,RB,500,1.4,NA,NA,NA,919,NA,NA
1966,9,28,RB,210,0.2,NA,NA,NA,919,NA,NA
1966,9,28,RB,440,1.1,NA,NA,NA,932,NA,NA
1966,9,28,RB,350,0.5,NA,NA,NA,933,NA,NA
1966,9,28,RB,920,10.6,NA,NA,NA,940,NA,NA
1966,9,28,RB,530,1.6,NA,NA,NA,942,NA,NA
1966,9,28,RB,330,0.4,NA,NA,NA,975,NA,NA
1966,9,30,RB,755,4.7,NA,NA,NA,937,NA,NA
1966,9,30,RB,750,5,NA,NA,NA,960,NA,NA
1966,9,30,RB,210,0.2,NA,NA,NA,941,NA,NA
1966,10,1,RB,590,2.2,NA,NA,NA,944,NA,NA
1966,10,1,RB,690,4.4,NA,NA,NA,925,NA,NA
1966,10,1,RB,210,0.2,NA,NA,NA,941,NA,NA
1966,10,2,RB,700,4.5,NA,NA,NA,946,NA,NA
1966,10,2,RB,820,8.7,NA,NA,NA,976,NA,NA
1966,10,3,RB,390,0.6,NA,NA,NA,943,NA,NA
1966,10,4,RB,575,1.9,NA,NA,NA,936,NA,NA
1966,10,6,RB,530,2,NA,NA,NA,947,NA,NA
1966,10,6,RB,570,1.9,NA,NA,NA,963,NA,NA
1966,10,6,RB,440,1,NA,NA,NA,965,NA,NA
1966,10,6,RB,620,2.4,NA,NA,NA,967,NA,NA
1966,10,6,RB,700,4.8,NA,NA,NA,971,NA,NA
1966,10,7,RB,780,5,NA,NA,NA,935,NA,NA
1966,10,7,RB,620,1.9,NA,NA,NA,959,NA,NA
1966,10,7,RB,890,9.1,NA,NA,NA,961,NA,NA
1966,10,7,RB,510,1.6,NA,NA,NA,964,NA,NA
1966,10,7,RB,490,1.4,NA,NA,NA,972,NA,NA
1966,10,7,RB,560,1.9,NA,NA,NA,972,NA,NA
1966,10,8,RB,770,7.3,NA,NA,NA,903,NA,NA
1966,10,8,RB,960,10.7,NA,NA,NA,909,NA,NA
1966,10,8,RB,910,10.5,NA,NA,NA,955,NA,NA
1966,10,9,RB,690,3.3,NA,NA,NA,907,NA,NA
1966,10,9,RB,770,5.1,NA,NA,NA,919,NA,NA
1966,10,9,RB,820,6.6,NA,NA,NA,920,NA,NA
1966,10,9,RB,690,5,NA,NA,NA,956,NA,NA
1966,10,11,RB,435,0.8,NA,NA,NA,434,NA,NA
1966,10,11,RB,460,1,NA,NA,NA,972,NA,NA
1966,10,12,RB,930,11,NA,NA,NA,945,NA,NA
1966,10,12,RB,760,5.6,NA,NA,NA,949,NA,NA
1966,10,13,RB,510,1.6,NA,NA,NA,966,NA,NA
1966,10,13,RB,680,4.1,NA,NA,NA,968,NA,NA
1966,10,13,RB,780,7.3,NA,NA,NA,984,NA,NA
1966,10,13,RB,730,4.2,NA,NA,NA,954,NA,NA
1966,10,13,RB,710,4.5,NA,NA,NA,977,NA,NA
1966,10,13,RB,440,0.7,NA,NA,NA,981,NA,NA
1966,10,13,RB,780,6.3,NA,NA,NA,984,NA,NA
1966,10,14,RB,630,2.5,NA,NA,NA,932,NA,NA
1966,10,14,RB,520,1.4,NA,NA,NA,950,NA,NA
1966,10,14,RB,460,1,NA,NA,NA,985,NA,NA
1966,10,15,RB,560,2.2,NA,NA,NA,943,NA,NA
1966,10,15,RB,580,2.5,NA,NA,NA,978,NA,NA
1966,10,15,RB,690,4,NA,NA,NA,980,NA,NA
1966,10,16,RB,570,2,NA,NA,NA,992,NA,NA
1966,10,16,RB,570,2.2,NA,NA,NA,987,NA,NA
1966,10,16,RB,530,1.3,NA,NA,NA,937,NA,NA
1966,10,16,RB,530,1.5,NA,NA,NA,942,NA,NA
1966,10,16,RB,580,2.1,NA,NA,NA,996,NA,NA
1966,10,16,RB,610,3,NA,NA,NA,940,NA,NA
1966,10,16,RB,630,3,NA,NA,NA,967,NA,NA
1966,10,16,RB,370,0.5,NA,NA,NA,924,NA,NA
1966,10,16,RB,370,0.5,NA,NA,NA,924,NA,NA
1966,10,16,RB,280,0.2,NA,NA,NA,935,NA,NA
1966,10,16,RB,270,0.2,NA,NA,NA,935,NA,NA
1966,10,16,RB,380,0.5,NA,NA,NA,936,NA,NA
1966,10,16,RB,530,1.3,NA,NA,NA,937,NA,NA
1966,10,16,RB,530,1.5,NA,NA,NA,942,NA,NA
1966,10,16,RB,600,1.4,NA,NA,NA,953,NA,NA
1966,10,16,RB,600,1.4,NA,NA,NA,953,NA,NA
1966,10,16,RB,820,7.5,NA,NA,NA,955,NA,NA
1966,10,16,RB,720,5,NA,NA,NA,957,NA,NA
1966,10,16,RB,820,7.3,NA,NA,NA,958,NA,NA
1966,10,16,RB,400,0.6,NA,NA,NA,963,NA,NA
1966,10,16,RB,400,0.6,NA,NA,NA,963,NA,NA
1966,10,16,RB,600,2.5,NA,NA,NA,989,NA,NA
1966,10,16,RB,330,0.4,NA,NA,NA,995,NA,NA
1966,10,16,RB,330,0.4,NA,NA,NA,995,NA,NA
1966,10,17,RB,600,2.7,NA,NA,NA,933,NA,NA
1966,10,17,RB,520,1.8,NA,NA,NA,941,NA,NA
1966,10,17,RB,680,3.8,NA,NA,NA,979,NA,NA
1966,10,17,RB,520,1.5,NA,NA,NA,990,NA,NA
1966,10,18,RB,760,5.2,NA,NA,NA,922,NA,NA
1966,10,18,RB,760,5.6,NA,NA,NA,961,NA,NA
1966,10,19,RB,570,2.3,NA,NA,NA,931,NA,NA
1966,10,20,RB,950,7.7,NA,NA,NA,915,NA,NA
1966,10,20,RB,790,6.4,NA,NA,NA,918,NA,NA
1966,10,20,RB,570,2.6,NA,NA,NA,948,NA,NA
1966,10,21,RB,690,3.8,NA,NA,NA,912,NA,NA
1966,10,23,RB,460,1.3,NA,NA,NA,969,NA,NA
1966,10,23,RB,610,3.1,NA,NA,NA,914,NA,NA
1966,10,23,RB,790,8.1,NA,NA,NA,997,NA,NA
1966,10,23,RB,750,5.3,NA,NA,NA,901,NA,NA
1966,10,23,RB,320,0.4,NA,NA,NA,902,NA,NA
1966,10,23,RB,490,1.1,NA,NA,NA,911,NA,NA
1966,10,23,RB,480,1.2,NA,NA,NA,916,NA,NA
1966,10,23,RB,530,1.6,NA,NA,NA,927,NA,NA
1966,10,23,RB,500,1.5,NA,NA,NA,934,NA,NA
1966,10,23,RB,470,1.1,NA,NA,NA,947,NA,NA
1966,10,23,RB,490,1,NA,NA,NA,976,NA,NA
1966,10,23,RB,430,0.9,NA,NA,NA,991,NA,NA
1966,10,24,RB,390,0.7,NA,NA,NA,906,NA,NA
1966,10,24,RB,700,4.5,NA,NA,NA,930,NA,NA
1966,10,24,RB,530,1.4,NA,NA,NA,948,NA,NA
1966,10,26,RB,550,1.6,NA,NA,NA,960,NA,NA
1966,10,27,RB,730,5,NA,NA,NA,939,NA,NA
1966,10,27,RB,830,8.3,NA,NA,NA,948,NA,NA
1966,10,28,RB,750,5.5,NA,NA,NA,983,NA,NA
1966,10,29,RB,750,5.7,NA,NA,NA,996,NA,NA
1966,10,31,RB,720,4.1,NA,NA,NA,964,NA,NA
1966,11,1,RB,590,2.7,NA,NA,NA,970,NA,NA
1966,11,2,RB,660,3.9,NA,NA,NA,934,NA,NA
1966,11,2,RB,770,6.6,NA,NA,NA,993,NA,NA
1966,11,5,RB,810,6.9,NA,NA,NA,930,NA,NA
1966,11,6,RB,390,0.5,NA,NA,NA,910,NA,NA
1966,11,7,RB,770,5,NA,NA,NA,910,NA,NA
1966,11,9,RB,580,2.7,NA,NA,NA,1198,NA,NA
1966,11,9,RB,810,6.4,NA,NA,NA,NA,NA,NA
1966,11,11,RB,800,6.5,NA,NA,NA,1062,NA,NA
1966,11,11,RB,570,2.7,NA,NA,NA,NA,NA,NA
1966,11,11,RB,830,7.2,NA,NA,NA,NA,NA,NA
1966,11,18,RB,510,1.1,NA,NA,NA,1064,NA,NA
1966,11,19,RB,790,5.1,NA,NA,NA,1066,NA,NA
1966,11,19,RB,700,4,NA,NA,NA,1118,NA,NA
1966,11,20,RB,780,5.7,NA,NA,NA,1074,NA,NA
1966,11,23,RB,600,2.5,NA,NA,NA,1110,NA,NA
1966,11,25,RB,700,4.8,NA,NA,NA,1120,NA,NA
1966,11,26,RB,900,9.3,NA,NA,NA,1028,NA,NA
1966,11,26,RB,750,5.5,NA,NA,NA,1031,NA,NA
1966,11,26,RB,680,4.9,NA,NA,NA,1038,NA,NA
1966,11,27,RB,610,2.7,NA,NA,NA,1145,NA,NA
1966,11,28,RB,740,4.7,NA,NA,NA,1055,NA,NA
1966,12,3,RB,780,8.2,NA,NA,NA,1000,NA,NA
1966,12,3,RB,580,2.3,NA,NA,NA,1001,NA,NA
1966,12,4,RB,740,3.3,NA,NA,NA,1097,NA,NA
1966,12,9,RB,510,1.4,NA,NA,NA,NA,NA,NA
1966,12,14,RB,600,2.8,NA,NA,NA,1112,NA,NA
1966,12,19,RB,700,4.8,NA,NA,NA,1029,NA,NA
1966,12,26,RB,740,3.6,NA,NA,NA,515,NA,NA
1966,12,26,RB,607,3,NA,NA,NA,517,NA,NA
1966,12,26,RB,570,2,NA,NA,NA,1078,NA,NA
1978,1,23,RB,870,8.6,NA,NA,NA,NA,NA,NA
1978,1,23,RB,610,3.4,NA,NA,NA,NA,NA,NA
1978,11,4,RB,838,5.9,NA,NA,NA,NA,NA,NA
1979,11,5,RB,739,4.6,NA,NA,NA,NA,NA,NA
1979,12,5,RB,838,7.6,NA,NA,NA,NA,NA,NA
1979,12,6,RB,806,7,NA,NA,NA,NA,NA,NA
1979,12,9,RB,749,7.3,NA,NA,NA,NA,NA,NA
1979,12,9,RB,762,7.1,NA,NA,NA,NA,NA,NA
1979,12,12,RB,686,4.1,NA,NA,NA,NA,NA,NA
1979,12,23,RB,698,4.9,NA,NA,NA,NA,NA,NA
1988,5,7,RB,838,8.9,NA,NA,NA,NA,NA,NA
1988,5,11,RB,813,5.3,NA,NA,NA,NA,NA,NA
1988,5,28,RB,749,5.6,NA,NA,NA,NA,NA,NA
1988,6,4,RB,775,5.9,NA,NA,NA,NA,NA,NA
1988,10,4,RB,743,5.5,NA,NA,NA,NA,NA,NA
1988,10,7,RB,838,8.4,NA,NA,NA,NA,NA,NA
1988,11,12,RB,832,8.4,NA,NA,NA,NA,NA,NA
1988,11,12,RB,876,8.6,NA,NA,NA,NA,NA,NA
1988,11,12,RB,762,6,NA,NA,NA,NA,NA,NA
1988,11,12,RB,737,5.9,NA,NA,NA,NA,NA,NA
1988,11,13,RB,851,8.2,NA,NA,NA,NA,NA,NA
1988,11,15,RB,813,7.3,NA,NA,NA,NA,NA,NA
1988,11,15,RB,813,7.3,NA,NA,NA,NA,NA,NA
1988,11,15,RB,864,NA,NA,NA,NA,NA,NA,NA
1988,11,17,RB,686,3.6,NA,NA,NA,NA,NA,NA
1988,11,20,RB,660,3.9,NA,NA,NA,NA,NA,NA
1988,11,21,RB,650,4.3,NA,NA,NA,NA,NA,NA
1988,11,22,RB,667,3.9,NA,NA,NA,NA,NA,NA
1988,11,22,RB,749,5.1,NA,NA,NA,NA,NA,NA
1988,11,22,RB,792,3.6,NA,NA,NA,NA,NA,NA
1988,11,25,RB,673,4.8,NA,NA,NA,NA,NA,NA
1988,11,26,RB,629,3.4,NA,NA,NA,NA,NA,NA
1988,12,4,RB,864,8.2,NA,NA,NA,NA,NA,NA
1988,12,17,RB,660,6.8,NA,NA,NA,NA,NA,NA
1988,12,19,RB,813,6.8,NA,NA,NA,NA,NA,NA
1989,1,6,RB,650,5,NA,NA,NA,NA,NA,NA
1989,1,7,RB,640,3.5,NA,NA,NA,NA,NA,NA
1989,3,7,RB,760,7.3,NA,NA,NA,NA,NA,NA
1989,3,25,RB,720,3.6,NA,NA,NA,NA,NA,NA
1989,3,25,RB,770,5,NA,NA,NA,NA,NA,NA
1989,4,30,RB,386,1.5,NA,NA,NA,NA,NA,NA
1989,5,1,RB,860,8.6,NA,NA,NA,NA,NA,NA
1989,5,11,RB,813,5.3,NA,NA,NA,NA,NA,NA
1989,5,11,RB,850,8.6,NA,NA,NA,NA,NA,NA
1989,5,24,RB,825,7.3,NA,NA,NA,NA,NA,NA
1989,5,24,RB,698,4.6,NA,NA,NA,NA,NA,NA
1989,5,24,RB,712,6.4,NA,NA,NA,NA,NA,NA
1989,6,4,RB,775,5.9,NA,NA,NA,NA,NA,NA
1989,6,5,RB,584,2,NA,NA,NA,NA,NA,NA
1989,9,14,RB,737,5.5,NA,NA,NA,NA,NA,NA
1989,10,4,RB,743,5.5,NA,NA,NA,NA,NA,NA
1989,10,5,RB,572,1.8,NA,NA,NA,NA,NA,NA
1989,10,9,RB,876,9.7,NA,NA,NA,NA,NA,NA
1989,10,11,RB,787,6.6,NA,NA,NA,NA,NA,NA
1989,10,13,RB,914,9.3,NA,NA,NA,NA,NA,NA
1989,10,18,RB,711,5.3,NA,NA,NA,NA,NA,NA
1989,10,15,RB,650,4.2,NA,NA,NA,NA,NA,NA
1989,10,18,RB,660,3.6,NA,NA,NA,NA,NA,NA
1989,10,21,RB,662,4.8,NA,NA,NA,NA,NA,NA
1989,10,21,RB,756,7.3,NA,NA,NA,NA,NA,NA
1989,10,28,RB,660,4.5,NA,NA,NA,NA,NA,NA
1989,11,1,RB,835,8.5,NA,NA,NA,NA,NA,NA
1989,11,4,RB,692,5.5,NA,NA,NA,NA,NA,NA
1989,11,4,RB,667,3.1,NA,NA,NA,NA,NA,NA
1989,11,8,RB,864,7.6,NA,NA,NA,NA,NA,NA
1989,11,9,RB,813,NA,NA,NA,NA,NA,NA,NA
1989,11,11,RB,730,5.5,NA,NA,NA,NA,NA,NA
1989,11,11,RB,660,3.6,NA,NA,NA,NA,NA,NA
1989,11,15,RB,699,4.3,NA,NA,NA,NA,NA,NA
1989,11,18,RB,718,4.5,NA,NA,NA,NA,NA,NA
1989,11,23,RB,826,8.4,NA,NA,NA,NA,NA,NA
1989,11,24,RB,800,6.8,NA,NA,NA,NA,NA,NA
1990,10,19,RB,432,0.8,NA,NA,NA,NA,NA,NA
1991,10,9,RB,826,8.4,NA,NA,NA,NA,NA,NA
1991,10,11,RB,826,6.8,NA,NA,NA,NA,NA,NA
1991,11,15,RB,838,8.2,NA,NA,NA,NA,NA,NA
1991,11,18,RB,940,10,NA,NA,NA,NA,NA,NA
1991,11,25,RB,699,4.2,NA,NA,NA,NA,NA,NA
1991,11,25,RB,699,3.4,NA,NA,NA,NA,NA,NA
2003,10,14,RB,838,6.7,NA,7107,NA,NA,NA,NA
2003,11,4,RB,640,5.3,NA,6645,NA,NA,NA,NA
2003,11,5,RB,430,1.4,NA,NA,NA,NA,NA,NA
2003,11,8,RB,810,6.5,NA,NA,NA,NA,NA,NA
2003,11,8,RB,820,7.1,NA,NA,NA,NA,NA,NA
2003,11,8,RB,880,8.2,NA,NA,NA,NA,NA,NA
2003,11,8,RB,914,9.2,NA,NA,NA,NA,NA,NA
2003,11,9,RB,860,8.1,NA,NA,NA,NA,NA,NA
2003,11,9,RB,864,7.5,NA,NA,NA,NA,NA,NA
2003,11,18,RB,464,1.4,NA,NA,NA,NA,NA,NA
2003,11,19,RB,800,6.4,NA,NA,NA,NA,NA,NA
2003,11,20,RB,790,6.5,NA,NA,NA,NA,NA,NA
2003,11,21,RB,428,1.6,NA,NA,NA,NA,NA,NA
2003,11,22,RB,762,7.3,NA,NA,NA,NA,NA,NA
2003,11,27,RB,673,4.5,NA,NA,NA,NA,NA,NA
2003,11,27,RB,724,5.9,NA,NA,NA,NA,NA,NA
2003,11,30,RB,495,1.8,NA,NA,NA,NA,NA,NA
2003,11,30,RB,660,4.5,NA,NA,NA,NA,NA,NA
2003,11,30,RB,686,5.7,NA,NA,NA,NA,NA,NA
2003,11,30,RB,711,6.6,NA,6752,NA,NA,NA,NA
2003,12,8,RB,483,1.4,NA,NA,NA,NA,NA,NA
2003,12,8,RB,533,1.7,NA,NA,NA,NA,NA,NA
2003,12,12,RB,760,5.5,NA,NA,NA,NA,NA,NA
2003,12,14,RB,690,4.5,NA,5200,NA,NA,NA,NA
2003,12,17,RB,508,1.4,NA,NA,NA,NA,NA,NA
2003,12,18,RB,640,3.7,NA,NA,NA,NA,NA,NA
2003,12,18,RB,740,4.3,NA,NA,NA,NA,NA,NA
2003,12,19,RB,775,6.1,NA,NA,NA,NA,NA,NA
2003,12,22,RB,737,5.5,NA,NA,NA,NA,NA,NA
2003,12,26,RB,508,1.6,NA,NA,NA,NA,NA,NA
2003,12,26,RB,559,3.2,NA,NA,NA,NA,NA,NA
2003,12,26,RB,622,5,NA,NA,NA,NA,NA,NA
2003,12,26,RB,800,9.5,NA,NA,NA,NA,NA,NA
2003,12,28,RB,600,1.4,NA,NA,NA,NA,NA,NA
2003,12,28,RB,630,1.8,NA,NA,NA,NA,NA,NA
2004,1,1,RB,799,5.1,NA,NA,NA,NA,NA,NA
2004,1,1,RB,792,7.5,NA,NA,NA,NA,NA,NA
2004,1,1,RB,770,6,NA,NA,NA,NA,NA,NA
2004,1,1,RB,750,6.5,NA,NA,NA,NA,NA,NA
2004,1,2,RB,790,7.5,NA,NA,NA,NA,NA,NA
2004,1,2,RB,750,6.5,NA,NA,NA,NA,NA,NA
2004,1,2,RB,560,2.4,NA,NA,NA,NA,NA,NA
2004,1,4,RB,737,6.1,NA,7067,NA,NA,NA,NA
2004,1,4,RB,540,1.8,NA,NA,NA,NA,NA,NA
2004,1,10,RB,876,10.5,NA,NA,NA,NA,NA,NA
2004,1,10,RB,610,2.7,NA,NA,NA,NA,NA,NA
2004,1,14,RB,641,3.7,NA,NA,NA,NA,NA,NA
2004,1,17,RB,560,2.4,NA,NA,NA,NA,NA,NA
2004,1,23,RB,711,5.5,NA,NA,NA,NA,NA,NA
2004,1,25,RB,750,5.1,NA,NA,NA,NA,NA,NA
2004,2,1,RB,737,5.4,NA,NA,NA,NA,NA,NA
2004,2,3,RB,680,5,NA,NA,NA,NA,NA,NA
2004,2,14,RB,690,4.5,NA,NA,NA,NA,NA,NA
2004,2,14,RB,460,1.5,NA,NA,NA,NA,NA,NA
2004,2,19,RB,790,7,NA,NA,NA,NA,NA,NA
2004,2,19,RB,460,1.6,NA,NA,NA,NA,NA,NA
2004,2,21,RB,686,4.5,NA,6028,NA,NA,NA,NA
2004,3,14,RB,826,7.3,NA,NA,NA,NA,NA,NA
2004,3,29,RB,750,5,NA,NA,NA,NA,NA,NA
2004,5,24,RB,826,10,NA,NA,NA,NA,NA,NA
2004,5,31,RB,711,5,NA,NA,NA,NA,NA,NA
2004,6,8,RB,749,5.5,NA,NA,NA,NA,NA,NA
2004,6,9,RB,762,5.5,NA,NA,NA,NA,NA,NA
2004,6,11,RB,680,4.5,NA,NA,NA,NA,NA,NA
2004,6,12,RB,870,11.4,NA,NA,NA,NA,NA,NA
2004,6,12,RB,650,2.7,NA,NA,NA,NA,NA,NA
2004,6,15,RB,560,2.1,NA,NA,NA,NA,NA,NA
2004,6,17,RB,510,1.5,NA,NA,NA,NA,NA,NA
2004,6,19,RB,889,8.6,NA,NA,NA,NA,NA,NA
2004,6,19,RB,736,4.5,NA,NA,NA,NA,NA,NA
2004,6,19,RB,645,3.4,NA,NA,NA,NA,NA,NA
2004,6,19,RB,330,0.4,NA,NA,NA,NA,NA,NA
2004,6,20,RB,880,8.2,NA,NA,NA,NA,NA,NA
2004,6,20,RB,609,3.6,NA,NA,NA,NA,NA,NA
2004,6,26,RB,660,3.6,NA,NA,NA,NA,NA,NA
2004,7,2,RB,266,0.2,NA,NA,NA,NA,NA,NA
2004,7,3,RB,740,3.6,NA,NA,NA,NA,NA,NA
2004,7,3,RB,525,1.4,NA,NA,NA,NA,NA,NA
2004,7,3,RB,250,0.2,NA,NA,NA,NA,NA,NA
2004,8,24,RB,555,2.8,NA,NA,NA,NA,NA,NA
2004,9,4,RB,660,4.3,NA,NA,NA,NA,NA,NA
2004,9,6,RB,410,0.7,NA,NA,NA,NA,NA,NA
2004,9,18,RB,505,1.1,NA,NA,NA,NA,NA,NA
2004,9,19,RB,787,6.8,NA,NA,NA,NA,NA,NA
2004,9,19,RB,686,3.6,NA,NA,NA,NA,NA,NA
2004,9,23,RB,864,6.8,NA,NA,NA,NA,NA,NA
2004,9,24,RB,711,6.4,NA,NA,NA,NA,NA,NA
2004,9,26,RB,451,1,NA,NA,NA,NA,NA,NA
2004,9,26,RB,372,0.8,NA,NA,NA,NA,NA,NA
2004,9,26,RB,314,0.4,NA,NA,NA,NA,NA,NA
2004,9,26,RB,266,0.4,NA,NA,NA,NA,NA,NA
2004,9,26,RB,256,0.1,NA,NA,NA,NA,NA,NA
2004,9,27,RB,546,2.2,NA,NA,NA,NA,NA,NA
2004,9,27,RB,457,1.5,NA,NA,NA,NA,NA,NA
2004,9,28,RB,825,8.4,NA,NA,NA,NA,NA,NA
2004,9,29,RB,250,0.2,NA,NA,NA,NA,NA,NA
2004,9,30,RB,705,4.2,NA,NA,NA,NA,NA,NA
2004,9,30,RB,310,NA,NA,NA,NA,NA,NA,NA
2004,10,1,RB,393,0.8,NA,NA,NA,NA,NA,NA
2004,10,1,RB,300,0.3,NA,NA,NA,NA,NA,NA
2004,10,1,RB,231,0.2,NA,NA,NA,NA,NA,NA
2004,10,2,RB,705,4.2,NA,NA,NA,NA,NA,NA
2004,10,2,RB,402,NA,NA,NA,NA,NA,NA,NA
2004,10,2,RB,400,NA,NA,NA,NA,NA,NA,NA
2004,10,2,RB,385,NA,NA,NA,NA,NA,NA,NA
2004,10,2,RB,376,NA,NA,NA,NA,NA,NA,NA
2004,10,2,RB,350,0.4,NA,NA,NA,NA,NA,NA
2004,10,4,RB,495,1.4,NA,NA,NA,NA,NA,NA
2004,10,4,RB,438,0.9,NA,NA,NA,NA,NA,NA
2004,10,4,RB,360,0.7,NA,NA,NA,NA,NA,NA
2004,10,4,RB,220,NA,NA,NA,NA,NA,NA,NA
2004,10,4,RB,210,NA,NA,NA,NA,NA,NA,NA
2004,10,5,RB,737,5.9,NA,NA,NA,NA,NA,NA
2004,10,5,RB,445,0.9,NA,NA,NA,NA,NA,NA
2004,10,5,RB,420,0.7,NA,NA,NA,NA,NA,NA
2004,10,5,RB,400,0.7,NA,NA,NA,NA,NA,NA
2004,10,7,RB,787,5.9,NA,NA,NA,NA,NA,NA
2004,10,7,RB,724,4.5,NA,NA,NA,NA,NA,NA
2004,10,7,RB,400,0.7,NA,NA,NA,NA,NA,NA
2004,10,9,RB,927,9.3,NA,NA,NA,NA,NA,NA
2004,10,9,RB,875,9.7,NA,NA,NA,NA,NA,NA
2004,10,9,RB,807,7.1,NA,NA,NA,NA,NA,NA
2004,10,9,RB,805,7.3,NA,5254,NA,NA,NA,NA
2004,10,9,RB,800,6.7,NA,NA,NA,NA,NA,NA
2004,10,9,RB,787,7.2,NA,NA,NA,NA,NA,NA
2004,10,9,RB,750,6.6,NA,7685,NA,NA,NA,NA
2004,10,9,RB,711,3.8,NA,NA,NA,NA,NA,NA
2004,10,9,RB,685,4.1,NA,NA,NA,NA,NA,NA
2004,10,9,RB,685,3.2,NA,NA,NA,NA,NA,NA
2004,10,9,RB,660,3.1,NA,NA,NA,NA,NA,NA
2004,10,9,RB,615,3,NA,NA,NA,NA,NA,NA
2004,10,9,RB,385,0.8,NA,NA,NA,NA,NA,NA
2004,10,10,RB,835,9,NA,9504,NA,NA,NA,NA
2004,10,10,RB,826,7.6,NA,NA,NA,NA,NA,NA
2004,10,10,RB,825,8.3,NA,NA,NA,NA,NA,NA
2004,10,10,RB,813,6.6,NA,NA,NA,NA,NA,NA
2004,10,10,RB,805,8.2,NA,8475,NA,NA,NA,NA
2004,10,10,RB,769,7.3,NA,8765,NA,NA,NA,NA
2004,10,10,RB,765,6.5,NA,NA,NA,NA,NA,NA
2004,10,10,RB,755,5.4,NA,NA,NA,NA,NA,NA
2004,10,10,RB,750,5.9,NA,NA,NA,NA,NA,NA
2004,10,10,RB,729,4.8,NA,NA,NA,NA,NA,NA
2004,10,10,RB,686,3.7,NA,NA,NA,NA,NA,NA
2004,10,10,RB,680,5,NA,NA,NA,NA,NA,NA
2004,10,10,RB,674,4.4,NA,NA,NA,NA,NA,NA
2004,10,10,RB,667,4.1,NA,NA,NA,NA,NA,NA
2004,10,10,RB,661,4.5,NA,6611,NA,NA,NA,NA
2004,10,10,RB,650,3.9,NA,NA,NA,NA,NA,NA
2004,10,10,RB,620,4.4,NA,NA,NA,NA,NA,NA
2004,10,10,RB,389,0.6,NA,NA,NA,NA,NA,NA
2004,10,11,RB,822,8.3,NA,NA,NA,NA,NA,NA
2004,10,11,RB,758,6.8,NA,7850,NA,NA,NA,NA
2004,10,12,RB,345,0.4,NA,NA,NA,NA,NA,NA
2004,10,14,RB,864,9.3,NA,10656,NA,NA,NA,NA
2004,10,15,RB,838,7.7,NA,NA,NA,NA,NA,NA
2004,10,16,RB,901,10.1,NA,NA,NA,NA,NA,NA
2004,10,16,RB,892,10.3,NA,NA,NA,NA,NA,NA
2004,10,16,RB,809,6.6,NA,NA,NA,NA,NA,NA
2004,10,16,RB,764,6.3,NA,7827,NA,NA,NA,NA
2004,10,16,RB,719,5.8,NA,NA,NA,NA,NA,NA
2004,10,16,RB,626,3.9,NA,5245,NA,NA,NA,NA
2004,10,17,RB,830,7.4,NA,NA,NA,NA,NA,NA
2004,10,17,RB,815,8.2,NA,NA,NA,NA,NA,NA
2004,10,17,RB,727,6.6,NA,NA,NA,NA,NA,NA
2004,10,17,RB,689,4.9,NA,NA,NA,NA,NA,NA
2004,10,25,RB,838,8.7,NA,10234,NA,NA,NA,NA
2004,10,27,RB,788,7.4,NA,8589,NA,NA,NA,NA
2004,10,29,RB,889,10.6,NA,11356,NA,NA,NA,NA
2004,10,29,RB,660,4.1,NA,NA,NA,NA,NA,NA
2004,10,29,RB,635,5.5,NA,6310,NA,NA,NA,NA
2004,10,29,RB,379,0.5,NA,NA,NA,NA,NA,NA
2004,10,30,RB,914,10,NA,NA,NA,NA,NA,NA
2004,10,30,RB,914,11.4,NA,NA,NA,NA,NA,NA
2004,11,4,RB,607,3.2,NA,NA,NA,NA,NA,NA
2004,11,5,RB,565,2.3,NA,NA,NA,NA,NA,NA
2004,11,6,RB,724,7.5,NA,NA,NA,NA,NA,NA
2004,11,7,RB,826,8.2,NA,NA,NA,NA,NA,NA
2004,11,7,RB,356,0.5,NA,NA,NA,NA,NA,NA
2004,11,7,RB,277,0.2,NA,NA,NA,NA,NA,NA
2004,11,8,RB,710,4.5,NA,NA,NA,NA,NA,NA
2004,11,8,RB,630,3.2,NA,NA,NA,NA,NA,NA
2004,11,12,RB,793,7.5,NA,NA,NA,NA,NA,NA
2004,11,13,RB,876,8.6,NA,NA,NA,NA,NA,NA
2004,11,13,RB,838,7.9,NA,8641,NA,NA,NA,NA
2004,11,14,RB,838,7.8,NA,8670,NA,NA,NA,NA
2004,11,14,RB,680,3.5,NA,NA,NA,NA,NA,NA
2004,11,14,RB,640,4.3,NA,NA,NA,NA,NA,NA
2004,11,18,RB,550,2.1,NA,NA,NA,NA,NA,NA
2004,11,19,RB,650,3.9,NA,NA,NA,NA,NA,NA
2004,11,19,RB,611,1.8,NA,NA,NA,NA,NA,NA
2004,11,22,RB,635,3.6,NA,NA,NA,NA,NA,NA
2004,12,25,RB,838,8.6,NA,NA,NA,NA,NA,NA
2008,5,14,RB,279,NA,NA,NA,NA,21,NA,NA
2008,5,14,RB,339,NA,NA,NA,NA,22,NA,NA
2008,5,15,RB,492,NA,NA,NA,NA,1,NA,NA
2008,5,15,RB,260,NA,NA,NA,NA,23,NA,NA
2008,5,15,RB,303,NA,NA,NA,NA,24,NA,NA
2008,5,15,RB,272,NA,NA,NA,NA,25,NA,NA
2008,5,15,RB,512,NA,NA,NA,NA,2,NA,NA
2008,5,19,RB,593,NA,NA,NA,NA,3,NA,NA
2008,5,19,RB,360,0.5,NA,NA,NA,26,NA,NA
2008,5,19,RB,371,0.6,NA,NA,NA,27,NA,NA
2008,5,19,RB,535,NA,NA,NA,NA,4,NA,NA
2008,5,19,RB,340,0.4,NA,NA,NA,28,NA,NA
2008,5,19,RB,495,1.5,NA,NA,NA,5,NA,NA
2008,5,19,RB,389,0.6,NA,NA,NA,29,NA,NA
2008,5,19,RB,379,0.5,NA,NA,NA,30,NA,NA
2008,5,21,RB,591,NA,NA,NA,NA,6,NA,NA
2008,5,23,RB,336,NA,NA,NA,NA,34,NA,NA
2008,5,23,RB,616,NA,NA,NA,NA,7,NA,NA
2008,5,23,RB,555,NA,NA,NA,NA,8,NA,NA
2008,5,24,RB,331,0.4,NA,NA,NA,35,NA,NA
2008,5,24,RB,376,0.7,NA,NA,NA,36,NA,NA
2008,5,24,RB,298,0.3,NA,NA,NA,37,NA,NA
2008,5,25,RB,415,0.7,NA,NA,NA,38,NA,NA
2008,5,25,RB,341,NA,NA,NA,NA,39,NA,NA
2008,5,28,RB,571,NA,NA,NA,NA,9,NA,NA
2008,5,28,RB,333,0.3,NA,NA,NA,40,NA,NA
2008,5,30,RB,648,NA,NA,NA,NA,10,NA,NA
2008,5,30,RB,600,NA,NA,NA,NA,11,NA,NA
2008,5,30,RB,672,NA,NA,NA,NA,12,NA,NA
2008,5,30,RB,720,5.1,NA,NA,NA,13,NA,NA
2008,5,30,RB,353,0.5,NA,NA,NA,41,NA,NA
2008,5,30,RB,250,NA,NA,NA,NA,65,NA,NA
2008,5,30,RB,300,NA,NA,NA,NA,66,NA,NA
2008,5,31,RB,545,1.6,NA,NA,NA,14,NA,NA
2008,5,31,RB,278,0.2,NA,NA,NA,42,NA,NA
2008,5,31,RB,285,0.2,NA,NA,NA,43,NA,NA
2008,6,1,RB,642,2.8,NA,NA,NA,44,NA,NA
2008,6,1,RB,695,4.1,NA,NA,NA,15,NA,NA
2008,6,1,RB,341,NA,NA,NA,NA,45,NA,NA
2008,6,1,RB,635,NA,NA,NA,NA,16,NA,NA
2008,6,5,RB,301,NA,NA,NA,NA,51,NA,NA
2008,6,5,RB,300,NA,NA,NA,NA,46,NA,NA
2008,6,5,RB,395,NA,NA,NA,NA,50,NA,NA
2008,6,6,RB,329,NA,NA,NA,NA,53,NA,NA
2008,6,6,RB,561,NA,NA,NA,NA,17,NA,NA
2008,6,8,RB,353,NA,NA,NA,NA,52,NA,NA
2008,6,9,RB,600,NA,NA,NA,NA,18,NA,NA
2008,6,9,RB,317,NA,NA,NA,NA,54,NA,NA
2008,6,19,RB,372,NA,NA,NA,NA,55,NA,NA
2008,6,19,RB,431,NA,NA,NA,NA,56,NA,NA
2008,6,19,RB,342,NA,NA,NA,NA,57,NA,NA
2008,6,19,RB,675,4.1,NA,NA,NA,19,NA,NA
2008,6,19,RB,343,NA,NA,NA,NA,58,NA,NA
2008,6,24,RB,345,0.4,NA,NA,NA,59,NA,NA
2008,6,26,RB,643,NA,NA,NA,NA,61,NA,NA
2008,6,26,RB,290,NA,NA,NA,NA,60,NA,NA
2008,7,6,RB,351,0.4,NA,NA,NA,62,NA,NA
2008,7,6,RB,272,NA,NA,NA,NA,63,NA,NA
2008,7,6,RB,534,NA,NA,NA,NA,20,NA,NA
2009,4,30,RB,376,0.4,NA,NA,NA,93,NA,NA
2009,4,30,RB,407,0.5,NA,NA,NA,94,NA,NA
2009,4,30,RB,436,0.8,NA,NA,NA,95,NA,NA
2009,5,2,RB,621,2.7,female,NA,NA,97,NA,NA
2009,5,2,RB,510,1.5,female,NA,NA,98,NA,NA
2009,5,2,RB,598,2.7,female,NA,NA,99,NA,NA
2009,5,2,RB,582,2.3,female,NA,NA,96,NA,NA
2009,5,3,RB,650,3.5,female,NA,NA,107,NA,NA
2009,5,3,RB,441,0.9,female,NA,NA,105,NA,NA
2009,5,3,RB,400,0.6,female,NA,NA,101,NA,NA
2009,5,3,RB,251,0.2,female,NA,NA,102,NA,NA
2009,5,3,RB,514,1.5,female,NA,NA,106,NA,NA
2009,5,3,RB,458,0.9,female,NA,NA,103,NA,NA
2009,5,4,RB,657,3.5,female,NA,NA,109,NA,NA
2009,5,4,RB,608,2.5,female,NA,NA,110,NA,NA
2009,5,4,RB,475,1.3,female,NA,NA,113,NA,NA
2009,5,4,RB,721,4.5,female,NA,NA,111,NA,NA
2009,5,4,RB,708,4.9,female,NA,NA,112,NA,NA
2009,5,6,RB,615,2.6,female,NA,NA,123,NA,NA
2009,5,6,RB,375,0.5,female,NA,NA,116,NA,NA
2009,5,6,RB,345,0.4,female,NA,NA,124,NA,NA
2009,5,6,RB,403,0.5,female,NA,NA,120,NA,NA
2009,5,6,RB,644,3.5,female,NA,NA,125,NA,NA
2009,5,6,RB,745,5,female,NA,NA,118,NA,NA
2009,5,6,RB,712,4.6,female,NA,NA,115,NA,NA
2009,5,6,RB,534,1.8,female,NA,NA,121,NA,NA
2009,5,6,RB,350,0.6,female,NA,NA,122,NA,NA
2009,5,6,RB,601,3,female,NA,NA,117,NA,NA
2009,5,6,RB,340,0.3,female,NA,NA,119,NA,NA
2009,5,7,RB,610,2.3,female,NA,NA,131,NA,NA
2009,5,7,RB,461,0.9,female,NA,NA,127,NA,NA
2009,5,7,RB,386,0.6,female,NA,NA,126,NA,NA
2009,5,7,RB,314,0.3,female,NA,NA,130,NA,NA
2009,5,7,RB,371,0.6,female,NA,NA,128,NA,NA
2009,5,7,RB,250,NA,female,NA,NA,132,NA,NA
2009,5,8,RB,429,0.8,female,NA,NA,135,NA,NA
2009,5,8,RB,355,NA,female,NA,NA,134,NA,NA
2009,5,8,RB,539,1.8,female,NA,NA,136,NA,NA
2009,5,8,RB,270,NA,female,NA,NA,138,NA,NA
2009,5,8,RB,320,NA,female,NA,NA,139,NA,NA
2009,5,20,RB,432,0.9,female,NA,NA,140,NA,NA
2009,5,21,RB,738,6.4,female,NA,NA,145,NA,NA
2009,5,21,RB,598,2.6,female,NA,NA,142,NA,NA
2009,5,21,RB,559,2.2,female,NA,NA,144,NA,NA
2009,5,22,RB,617,2.5,female,NA,NA,146,NA,NA
2009,5,22,RB,373,0.6,female,NA,NA,147,NA,NA
2009,5,26,RB,616,2.5,female,NA,NA,149,NA,NA
2009,5,26,RB,457,1,female,NA,NA,150,NA,NA
2009,5,26,RB,660,3.9,female,NA,NA,151,NA,NA
2009,5,27,RB,735,5.3,female,NA,NA,158,NA,NA
2009,5,27,RB,615,3.5,female,NA,NA,154,NA,NA
2009,5,27,RB,374,0.5,female,NA,NA,156,NA,NA
2009,5,27,RB,731,5.1,female,NA,NA,152,NA,NA
2009,5,27,RB,709,5.1,female,NA,NA,157,NA,NA
2009,5,28,RB,428,0.7,female,NA,NA,159,NA,NA
2009,6,8,RB,530,1.6,female,NA,NA,163,NA,NA
2009,6,8,RB,440,0.9,female,NA,NA,164,NA,NA
2009,6,19,RB,625,3.3,female,NA,NA,172,NA,NA
2009,6,19,RB,624,2.5,female,NA,NA,171,NA,NA
2009,10,22,RB,705,5,female,NA,NA,173,NA,NA
2009,10,22,RB,435,0.8,female,NA,NA,174,NA,NA
2009,10,23,RB,713,5.1,female,NA,NA,177,NA,NA
2009,10,23,RB,650,2.5,female,NA,NA,178,NA,NA
2009,10,29,RB,421,0.8,female,NA,NA,182,NA,NA
2009,10,29,RB,652,3.4,female,NA,NA,181,NA,NA
2009,10,29,RB,627,3.3,female,NA,NA,180,NA,NA
2009,11,3,RB,537,1.9,female,NA,NA,186,NA,NA
2009,11,3,RB,466,0.9,female,NA,NA,185,NA,NA
2009,11,3,RB,620,3,female,NA,NA,187,NA,NA
2009,11,3,RB,439,0.8,female,NA,NA,183,NA,NA
2009,11,5,RB,470,NA,female,NA,NA,188,NA,NA
2009,11,11,RB,485,NA,female,NA,NA,190,NA,NA
2009,11,19,RB,585,2.7,female,NA,NA,193,NA,NA
2009,11,19,RB,597,3.4,female,NA,NA,194,NA,NA
2009,11,19,RB,732,5.5,female,NA,NA,195,NA,NA
2009,12,17,RB,650,2.5,female,NA,NA,199,NA,NA
2009,12,17,RB,450,NA,female,NA,NA,200,NA,NA
2010,4,7,RB,703,4.5,female,NA,NA,201,NA,NA
2010,4,7,RB,665,3.5,female,NA,NA,202,NA,NA
2010,4,15,RB,666,4.2,female,NA,NA,205,NA,NA
2010,4,15,RB,690,4.4,female,NA,NA,206,NA,NA
2010,4,20,RB,630,3.5,female,NA,NA,209,NA,NA
2010,4,20,RB,551,1.8,female,NA,NA,211,NA,NA
2010,4,20,RB,511,1.8,female,NA,NA,212,NA,NA
2010,4,20,RB,385,NA,female,NA,NA,210,NA,NA
2010,4,21,RB,411,0.6,female,NA,NA,215,NA,NA
2010,4,21,RB,412,0.6,female,NA,NA,216,NA,NA
2010,4,23,RB,500,1.4,female,NA,NA,218,NA,NA
2010,4,25,RB,482,1.3,female,NA,NA,222,NA,NA
2010,4,25,RB,365,0.7,female,NA,NA,221,NA,NA
2010,4,27,RB,498,1.2,female,NA,NA,223,NA,NA
2010,4,27,RB,559,2.4,female,NA,NA,226,NA,NA
2010,4,27,RB,400,NA,female,NA,NA,229,NA,NA
2010,4,29,RB,451,1,female,NA,NA,232,NA,NA
2010,4,29,RB,510,1.5,female,NA,NA,231,NA,NA
2010,4,29,RB,455,NA,female,NA,NA,234,NA,NA
2010,4,29,RB,550,2.3,female,NA,NA,235,NA,NA
2010,4,29,RB,350,NA,female,NA,NA,236,NA,NA
2010,4,29,RB,400,NA,female,NA,NA,237,NA,NA
2010,4,29,RB,250,NA,female,NA,NA,239,NA,NA
2010,5,1,RB,380,NA,female,NA,NA,241,NA,NA
2010,5,1,RB,599,2.4,female,NA,NA,242,NA,NA
2010,5,1,RB,355,0.5,female,NA,NA,243,NA,NA
2010,5,1,RB,376,0.5,female,NA,NA,245,NA,NA
2010,5,1,RB,312,0.3,female,NA,NA,246,NA,NA
2010,5,1,RB,370,NA,female,NA,NA,244,NA,NA
2010,5,3,RB,639,3.6,female,NA,NA,247,NA,NA
2010,5,3,RB,345,0.5,female,NA,NA,249,NA,NA
2010,5,3,RB,345,0.5,female,NA,NA,250,NA,NA
2010,5,4,RB,515,1,female,NA,NA,255,NA,NA
2010,5,4,RB,641,3.5,female,NA,NA,258,NA,NA
2010,5,4,RB,555,NA,female,NA,NA,259,NA,NA
2010,5,4,RB,635,3.4,female,NA,NA,261,NA,NA
2010,5,4,RB,400,NA,female,NA,NA,251,NA,NA
2010,5,4,RB,420,NA,female,NA,NA,253,NA,NA
2010,5,4,RB,450,NA,female,NA,NA,257,NA,NA
2010,5,4,RB,350,NA,female,NA,NA,262,NA,NA
2010,5,5,RB,460,1,female,NA,NA,266,NA,NA
2010,5,5,RB,528,1,female,NA,NA,268,NA,NA
2010,5,5,RB,730,5.9,female,NA,NA,272,NA,NA
2010,5,5,RB,471,NA,female,NA,NA,273,NA,NA
2010,5,5,RB,280,NA,female,NA,NA,267,NA,NA
2010,5,7,RB,420,NA,female,NA,NA,274,NA,NA
2010,5,7,RB,300,NA,female,NA,NA,275,NA,NA
2010,5,7,RB,280,NA,female,NA,NA,276,NA,NA
2010,5,11,RB,370,NA,female,NA,NA,280,NA,NA
2010,5,11,RB,380,NA,female,NA,NA,281,NA,NA
2010,5,11,RB,445,NA,female,NA,NA,282,NA,NA
2010,5,11,RB,415,NA,female,NA,NA,283,NA,NA
2010,5,13,RB,310,NA,female,NA,NA,289,NA,NA
2010,5,17,RB,411,0.7,female,NA,NA,290,NA,NA
2010,5,17,RB,765,6.4,female,NA,NA,291,NA,NA
2010,5,17,RB,385,0.6,female,NA,NA,292,NA,NA
2010,5,17,RB,539,1.9,female,NA,NA,293,NA,NA
2010,5,17,RB,702,3.6,female,NA,NA,294,NA,NA
2010,5,18,RB,600,3,female,NA,NA,295,NA,NA
2010,5,18,RB,658,3.9,female,NA,NA,296,NA,NA
2010,5,18,RB,630,3.5,female,NA,NA,297,NA,NA
2010,5,18,RB,505,1.2,female,NA,NA,298,NA,NA
2010,5,19,RB,564,2.5,female,NA,NA,299,NA,NA
2010,5,20,RB,678,4,female,NA,NA,301,NA,NA
2010,5,20,RB,761,5.9,female,NA,NA,302,NA,NA
2010,5,20,RB,572,2.5,female,NA,NA,303,NA,NA
2010,5,20,RB,475,1.3,female,NA,NA,304,NA,NA
2010,5,20,RB,570,2.6,female,NA,NA,305,NA,NA
2010,5,20,RB,594,3.2,female,NA,NA,306,NA,NA
2010,5,24,RB,438,1,female,NA,NA,309,NA,NA
2010,5,24,RB,355,0.5,female,NA,NA,310,NA,NA
2010,5,24,RB,428,0.8,female,NA,NA,311,NA,NA
2010,5,24,RB,676,4,female,NA,NA,312,NA,NA
2010,5,24,RB,689,4.5,female,NA,NA,313,NA,NA
2010,5,27,RB,550,2.3,female,NA,NA,321,NA,NA
2010,5,27,RB,735,5.5,female,NA,NA,324,NA,NA
2010,5,28,RB,522,1.4,female,NA,NA,325,NA,NA
2010,6,1,RB,462,1,female,NA,NA,327,NA,NA
2010,6,1,RB,462,1,female,NA,NA,327,NA,NA
2010,6,1,RB,551,2.2,female,NA,NA,328,NA,NA
2010,6,2,RB,697,5,female,NA,NA,329,NA,NA
2010,6,2,RB,456,NA,female,NA,NA,330,NA,NA
2010,6,2,RB,621,3.2,female,NA,NA,331,NA,NA
2010,6,2,RB,769,6.6,female,NA,NA,332,NA,NA
2010,6,2,RB,695,4.5,female,NA,NA,333,NA,NA
2010,6,3,RB,686,4.4,female,NA,NA,335,NA,NA
2010,6,3,RB,302,NA,female,NA,NA,336,NA,NA
2010,6,3,RB,598,2.4,female,NA,NA,337,NA,NA
2010,6,8,RB,675,3.3,female,NA,NA,339,NA,NA
2010,6,8,RB,431,0.8,female,NA,NA,340,NA,NA
2011,4,11,RB,330,0.4,female,NA,NA,345,NA,NA
2011,4,13,RB,385,0.5,female,NA,NA,349,NA,NA
2011,4,13,RB,497,1.3,female,NA,NA,350,NA,NA
2011,4,13,RB,525,1.4,female,NA,NA,351,NA,NA
2011,4,13,RB,653,3.5,female,NA,NA,353,NA,NA
2011,4,14,RB,732,5.2,female,NA,NA,355,NA,NA
2011,4,14,RB,510,NA,female,NA,NA,356,NA,NA
2011,4,18,RB,537,1.3,female,NA,NA,358,NA,NA
2011,4,19,RB,483,1.3,female,NA,NA,359,NA,NA
2011,4,19,RB,368,0.3,female,NA,NA,360,NA,NA
2011,4,20,RB,668,3.3,female,NA,NA,361,NA,NA
2011,4,20,RB,685,4.3,female,NA,NA,362,NA,NA
2011,4,20,RB,320,0.3,female,NA,NA,363,NA,NA
2011,4,26,RB,435,0.8,female,NA,NA,364,NA,NA
2011,4,26,RB,688,4.6,female,NA,NA,365,NA,NA
2011,4,26,RB,465,1.2,female,NA,NA,366,NA,NA
2011,4,27,RB,648,2.6,female,NA,NA,369,NA,NA
2011,4,27,RB,487,1.5,female,NA,NA,370,NA,NA
2011,4,27,RB,350,NA,female,NA,NA,367,NA,NA
2011,4,29,RB,445,1,female,NA,NA,371,NA,NA
2011,4,29,RB,511,1.5,female,NA,NA,373,NA,NA
2011,4,29,RB,449,1,female,NA,NA,374,NA,NA
2011,4,29,RB,481,1.2,female,NA,NA,375,NA,NA
2011,4,29,RB,549,2.2,female,NA,NA,376,NA,NA
2011,4,29,RB,511,1.6,female,NA,NA,377,NA,NA
2011,5,3,RB,469,1.1,female,NA,NA,378,NA,NA
2011,5,3,RB,629,3.6,female,NA,NA,379,NA,NA
2011,5,3,RB,730,5.3,female,NA,NA,380,NA,NA
2011,5,3,RB,378,0.5,male,NA,NA,382,NA,NA
2011,5,4,RB,695,4.4,male,NA,NA,384,NA,NA
2011,5,4,RB,745,5.8,male,NA,NA,385,NA,NA
2011,5,4,RB,405,NA,male,NA,NA,387,NA,NA
2011,5,4,RB,473,1,male,NA,NA,388,NA,NA
2011,5,4,RB,620,3.2,male,NA,NA,389,NA,NA
2011,5,4,RB,300,NA,male,NA,NA,383,NA,NA
2011,5,4,RB,330,NA,male,NA,NA,386,NA,NA
2011,5,5,RB,613,2.8,male,NA,NA,391,NA,NA
2011,5,5,RB,445,0.9,male,NA,NA,392,NA,NA
2011,5,5,RB,280,NA,male,NA,NA,390,NA,NA
2011,5,10,RB,414,0.6,male,NA,NA,393,NA,NA
2011,5,10,RB,485,1.3,male,NA,NA,397,NA,NA
2011,5,24,RB,780,7.2,male,NA,NA,404,NA,NA
2011,5,24,RB,758,5.4,male,NA,NA,406,NA,NA
2011,5,24,RB,375,0.5,male,NA,NA,409,NA,NA
2011,5,24,RB,777,4.6,male,NA,NA,405,NA,NA
2011,5,24,RB,370,NA,male,NA,NA,407,NA,NA
2011,5,24,RB,250,NA,male,NA,NA,408,NA,NA
2011,5,27,RB,757,6.4,male,NA,NA,413,NA,NA
2011,5,27,RB,764,6.3,male,NA,NA,415,NA,NA
2011,5,27,RB,541,1.6,male,NA,NA,417,NA,NA
2011,5,27,RB,250,NA,male,NA,NA,414,NA,NA
2011,6,1,RB,380,0.4,male,NA,NA,418,NA,NA
2011,6,1,RB,545,2,male,NA,NA,419,NA,NA
2011,6,1,RB,781,6.9,male,NA,NA,420,NA,NA
2011,6,1,RB,560,2.3,male,NA,NA,421,NA,NA
2011,6,1,RB,661,3.8,male,NA,NA,422,NA,NA
2011,6,1,RB,542,1.9,male,NA,NA,424,NA,NA
2011,6,1,RB,389,0.8,male,NA,NA,425,NA,NA
2011,6,1,RB,614,3.5,male,NA,NA,426,NA,NA
2011,6,1,RB,758,7.5,male,NA,NA,428,NA,NA
2011,6,1,RB,320,NA,male,NA,NA,423,NA,NA
2011,6,1,RB,695,3.5,male,NA,NA,427,NA,NA
2011,6,1,RB,705,4.5,male,NA,NA,430,NA,NA
2011,6,2,RB,344,0.4,male,NA,NA,431,NA,NA
2011,6,2,RB,731,6.3,male,NA,NA,433,NA,NA
2011,6,2,RB,482,1.4,male,NA,NA,434,NA,NA
2011,6,6,RB,430,0.9,male,NA,NA,436,NA,NA
2011,6,6,RB,557,2.1,male,NA,NA,439,NA,NA
2011,6,6,RB,535,1.8,male,NA,NA,442,NA,NA
2011,6,6,RB,657,3.7,male,NA,NA,443,NA,NA
2011,6,6,RB,780,6.6,male,NA,NA,444,NA,NA
2011,6,6,RB,692,4.9,male,NA,NA,445,NA,NA
2011,6,6,RB,731,4.4,male,NA,NA,446,NA,NA
2011,6,9,RB,739,5.5,male,NA,NA,454,NA,NA
2011,6,9,RB,489,1.5,male,NA,NA,453,NA,NA
2011,6,9,RB,705,5,male,NA,NA,452,NA,NA
2011,6,9,RB,833,7.9,male,NA,NA,451,NA,NA
2011,6,13,RB,670,4,male,NA,NA,455,NA,NA
2011,6,13,RB,690,4.1,male,NA,NA,456,NA,NA
2011,6,13,RB,541,2,male,NA,NA,458,NA,NA
2011,6,13,RB,695,4.2,male,NA,NA,457,NA,NA
2011,6,15,RB,520,1.7,male,NA,NA,459,NA,NA
2011,6,15,RB,800,7.6,male,NA,NA,460,NA,NA
2011,6,15,RB,662,3.4,male,NA,NA,462,NA,NA
2011,6,16,RB,442,0.8,male,NA,NA,463,NA,NA
2011,6,16,RB,314,NA,male,NA,NA,464,NA,NA
2011,6,16,RB,670,3.9,male,NA,NA,465,NA,NA
2011,6,16,RB,400,0.8,male,NA,NA,466,NA,NA
2011,6,16,RB,763,5.8,male,NA,NA,467,NA,NA
2011,6,16,RB,655,4.2,male,NA,NA,468,NA,NA
2011,6,16,RB,631,3.2,male,NA,NA,469,NA,NA
2011,6,17,RB,815,7.8,male,NA,NA,470,NA,NA
2011,6,17,RB,778,6.1,male,NA,NA,472,NA,NA
2011,6,17,RB,476,1.2,male,NA,NA,473,NA,NA
2011,6,17,RB,360,0.6,male,NA,NA,474,NA,NA
2011,6,17,RB,742,4.7,male,NA,NA,475,NA,NA
2011,6,17,RB,749,5.1,male,NA,NA,471,NA,NA
2011,6,24,RB,661,2.7,male,NA,NA,476,NA,NA
2011,6,24,RB,534,1.6,male,NA,NA,477,NA,NA
2011,6,24,RB,597,2,male,NA,NA,478,NA,NA
2011,6,24,RB,622,2.5,male,NA,NA,479,NA,NA
2011,6,27,RB,805,7.3,male,NA,NA,480,NA,NA
2011,6,27,RB,458,1.3,male,NA,NA,481,NA,NA
2011,6,27,RB,310,NA,male,NA,NA,482,NA,NA
2012,4,14,RB,680,NA,male,NA,NA,483,NA,NA
2012,4,15,RB,610,NA,male,NA,NA,484,NA,NA
2012,4,15,RB,550,NA,male,NA,NA,485,NA,NA
2012,5,19,RB,730,NA,male,NA,NA,489,NA,NA
2012,5,30,RB,690,NA,male,NA,NA,491,NA,NA
2012,6,22,RB,765,NA,male,NA,NA,492,NA,NA
2012,6,22,RB,750,NA,male,NA,NA,493,NA,NA
2012,6,22,RB,725,NA,male,NA,NA,494,NA,NA
2012,11,8,RB,520,NA,male,NA,NA,499,NA,NA
2012,11,9,RB,760,NA,male,NA,NA,500,NA,NA
2012,11,10,RB,540,NA,male,NA,NA,502,NA,NA
2012,11,10,RB,500,NA,male,NA,NA,503,NA,NA
2012,11,11,RB,560,NA,male,NA,NA,504,NA,NA
2012,12,1,RB,750,NA,male,NA,NA,508,NA,NA
2012,12,1,RB,770,NA,male,NA,NA,509,NA,NA
2012,12,1,RB,620,NA,male,NA,NA,510,NA,NA
2012,12,1,RB,600,NA,male,NA,NA,511,NA,NA
2012,12,13,RB,760,NA,male,NA,NA,512,NA,NA
2012,12,16,RB,725,NA,male,NA,NA,513,NA,NA
2012,12,23,RB,800,NA,male,NA,NA,514,NA,NA
2012,12,23,RB,520,NA,male,NA,NA,515,NA,NA
2012,12,24,RB,660,NA,male,NA,NA,516,NA,NA
2012,12,24,RB,620,NA,male,NA,NA,517,NA,NA
2012,12,24,RB,560,NA,male,NA,NA,518,NA,NA
2012,12,30,RB,690,NA,male,NA,NA,520,NA,NA
2012,12,31,RB,710,NA,male,NA,NA,521,NA,NA
2012,12,31,RB,560,NA,male,NA,NA,522,NA,NA
2013,1,5,RB,520,NA,male,NA,NA,523,NA,NA
2013,1,5,RB,710,NA,male,NA,NA,524,NA,NA
2013,1,7,RB,560,NA,male,NA,NA,525,NA,NA
2013,1,13,RB,850,NA,male,NA,NA,527,NA,NA
2013,1,18,RB,650,NA,male,NA,NA,528,NA,NA
2013,2,2,RB,760,NA,male,NA,NA,529,NA,NA
2013,2,2,RB,700,NA,male,NA,NA,530,NA,NA
2013,2,15,RB,600,NA,male,NA,NA,531,NA,NA
2013,3,3,RB,600,NA,male,NA,NA,534,NA,NA
2013,12,8,RB,630,NA,male,NA,NA,1,NA,NA
2013,12,8,RB,820,NA,male,NA,NA,2,NA,NA
2013,12,23,RB,840,NA,male,NA,NA,3,NA,NA
2013,12,24,RB,635,NA,male,NA,NA,4,NA,NA
2013,12,27,RB,640,NA,male,NA,NA,5,NA,NA
2013,12,29,RB,780,NA,male,NA,NA,6,NA,NA
2013,12,30,RB,720,NA,male,NA,NA,7,NA,NA
2014,2,23,RB,825,5.7,male,NA,NA,8,NA,NA
2014,4,16,RB,610,2.3,male,NA,NA,9,NA,NA
2014,4,19,RB,600,2.5,male,NA,NA,10,NA,NA
2014,4,27,RB,725,4.5,male,NA,NA,11,NA,NA
2014,5,3,RB,680,3.3,male,NA,NA,12,NA,NA
2014,5,17,RB,850,6.9,male,NA,NA,13,NA,NA
2014,5,7,RB,810,5.8,male,NA,NA,14,NA,NA
2014,5,17,RB,790,4.5,male,NA,NA,15,NA,NA
2014,5,18,RB,820,5.6,male,NA,NA,16,NA,NA
2014,5,18,RB,815,5,male,NA,NA,17,NA,NA
2014,5,18,RB,790,4.1,male,NA,NA,18,NA,NA
2014,5,18,RB,780,4.7,male,NA,NA,19,NA,NA
2014,10,18,RB,780,4.8,male,NA,NA,20,NA,NA
2014,10,18,RB,690,3.3,male,NA,NA,21,NA,NA
2014,9,13,RB,810,5.5,male,NA,NA,22,NA,NA
2014,9,27,RB,650,2.3,male,NA,NA,23,NA,NA
2014,10,18,RB,810,5.1,male,NA,NA,25,NA,NA
2014,10,26,RB,665,2.6,male,NA,NA,26,NA,NA
2014,10,29,RB,710,2.6,male,NA,NA,27,NA,NA
2014,11,6,RB,750,4.2,male,NA,NA,28,NA,NA
2014,11,6,RB,715,2.7,male,NA,NA,29,NA,NA
2014,11,6,RB,570,1.6,male,NA,NA,30,NA,NA
2014,11,29,RB,710,3.5,male,NA,NA,31,NA,NA
2014,11,30,RB,780,3.8,male,NA,NA,32,NA,NA